author_id,paper_id,pos
A95,P1,1
A144,P1,2
A65,P2,1
A79,P2,2
A148,P2,3
A89,P2,4
A189,P3,1
A36,P3,2
A169,P3,3
A31,P3,4
A115,P4,1
A180,P4,2
A26,P5,1
A55,P5,2
A87,P6,1
A141,P6,2
A158,P6,3
A179,P6,4
A42,P7,1
A163,P8,1
A2,P8,2
A24,P8,3
A38,P8,4
A154,P9,1
A112,P9,2
A23,P9,3
A17,P9,4
A57,P10,1
A95,P10,2
A21,P10,3
A186,P11,1
A103,P12,1
A158,P12,2
A168,P12,3
A134,P12,4
A183,P13,1
A153,P13,2
A15,P13,3
A164,P14,1
A127,P14,2
A3,P15,1
A52,P15,2
A169,P15,3
A133,P15,4
A50,P16,1
A9,P16,2
A154,P16,3
A158,P17,1
A44,P17,2
A93,P18,1
A168,P19,1
A1,P19,2
A23,P20,1
A71,P20,2
A91,P21,1
A172,P21,2
A102,P21,3
A104,P21,4
A133,P22,1
A4,P22,2
A24,P23,1
A186,P24,1
A144,P24,2
A150,P24,3
A89,P25,1
A71,P25,2
A58,P25,3
A117,P26,1
A104,P26,2
A67,P27,1
A105,P28,1
A130,P28,2
A144,P29,1
A129,P30,1
A88,P31,1
A30,P31,2
A132,P31,3
A138,P32,1
A148,P32,2
A65,P32,3
A97,P33,1
A145,P33,2
A124,P33,3
A198,P33,4
A194,P34,1
A87,P34,2
A175,P35,1
A118,P35,2
A151,P35,3
A8,P35,4
A30,P36,1
A67,P36,2
A18,P36,3
A98,P36,4
A174,P37,1
A180,P37,2
A81,P38,1
A106,P38,2
A133,P39,1
A138,P39,2
A3,P39,3
A64,P40,1
A74,P40,2
A24,P40,3
A173,P41,1
A192,P41,2
A88,P41,3
A20,P41,4
A122,P42,1
A81,P42,2
A56,P43,1
A147,P43,2
A69,P43,3
A192,P44,1
A175,P44,2
A128,P45,1
A189,P45,2
A61,P46,1
A189,P46,2
A68,P47,1
A53,P47,2
A52,P48,1
A64,P48,2
A40,P49,1
A200,P49,2
A28,P49,3
A21,P50,1
A158,P51,1
A2,P51,2
A196,P51,3
A139,P51,4
A124,P52,1
A159,P53,1
A81,P53,2
A127,P53,3
A126,P54,1
A47,P54,2
A196,P54,3
A102,P55,1
A57,P55,2
A193,P55,3
A14,P56,1
A135,P56,2
A123,P57,1
A139,P57,2
A9,P57,3
A129,P57,4
A101,P58,1
A176,P58,2
A199,P58,3
A118,P59,1
A31,P59,2
A81,P60,1
A177,P60,2
A3,P60,3
A4,P60,4
A98,P61,1
A149,P61,2
A84,P62,1
A157,P63,1
A67,P63,2
A48,P63,3
A61,P64,1
A69,P64,2
A121,P64,3
A94,P65,1
A48,P65,2
A128,P65,3
A54,P66,1
A108,P66,2
A180,P66,3
A193,P66,4
A94,P67,1
A103,P67,2
A72,P67,3
A47,P68,1
A147,P68,2
A34,P68,3
A148,P68,4
A26,P69,1
A185,P69,2
A61,P70,1
A143,P70,2
A111,P70,3
A51,P71,1
A38,P71,2
A190,P71,3
A39,P71,4
A3,P72,1
A46,P72,2
A108,P72,3
A128,P72,4
A162,P73,1
A133,P73,2
A125,P74,1
A77,P74,2
A65,P74,3
A102,P75,1
A177,P76,1
A16,P77,1
A56,P77,2
A122,P78,1
A162,P78,2
A25,P78,3
A191,P79,1
A86,P79,2
A67,P79,3
A93,P79,4
A144,P80,1
A143,P80,2
A66,P80,3
A6,P81,1
A106,P81,2
A32,P81,3
A174,P82,1
A156,P82,2
A51,P82,3
A200,P83,1
A73,P83,2
A84,P84,1
A173,P84,2
A131,P84,3
A199,P85,1
A189,P85,2
A115,P85,3
A21,P85,4
A158,P86,1
A74,P86,2
A119,P86,3
A162,P86,4
A43,P87,1
A164,P87,2
A108,P88,1
A162,P88,2
A157,P88,3
A19,P89,1
A21,P89,2
A42,P89,3
A88,P89,4
A81,P90,1
A82,P90,2
A182,P91,1
A69,P91,2
A155,P91,3
A70,P92,1
A114,P92,2
A200,P92,3
A93,P92,4
A106,P93,1
A43,P93,2
A48,P93,3
A6,P93,4
A187,P94,1
A61,P94,2
A191,P95,1
A180,P95,2
A192,P95,3
A54,P96,1
A102,P97,1
A27,P97,2
A17,P98,1
A141,P99,1
A14,P99,2
A7,P99,3
A198,P99,4
A135,P100,1
A196,P100,2
A22,P100,3
A27,P100,4
A159,P101,1
A40,P101,2
A22,P101,3
A80,P102,1
A59,P102,2
A64,P102,3
A189,P102,4
A114,P103,1
A161,P103,2
A33,P103,3
A135,P104,1
A44,P104,2
A9,P105,1
A84,P106,1
A122,P106,2
A120,P106,3
A141,P107,1
A114,P107,2
A35,P107,3
A152,P108,1
A153,P108,2
A162,P109,1
A192,P109,2
A163,P109,3
A145,P109,4
A135,P110,1
A164,P110,2
A137,P110,3
A80,P110,4
A124,P111,1
A139,P111,2
A59,P111,3
A114,P112,1
A94,P113,1
A106,P113,2
A67,P113,3
A78,P114,1
A3,P114,2
A134,P115,1
A89,P116,1
A74,P116,2
A137,P117,1
A3,P117,2
A177,P117,3
A126,P117,4
A77,P118,1
A3,P118,2
A197,P118,3
A111,P118,4
A153,P119,1
A60,P119,2
A2,P119,3
A49,P120,1
A106,P120,2
A144,P120,3
A102,P121,1
A64,P121,2
A42,P121,3
A184,P121,4
A97,P122,1
A57,P122,2
A68,P122,3
A21,P122,4
A161,P123,1
A62,P123,2
A133,P123,3
A196,P123,4
A73,P124,1
A167,P124,2
A191,P124,3
A106,P125,1
A49,P125,2
A18,P125,3
A35,P126,1
A75,P126,2
A164,P127,1
A159,P128,1
A116,P128,2
A70,P128,3
A180,P128,4
A49,P129,1
A83,P129,2
A5,P129,3
A39,P129,4
A137,P130,1
A48,P131,1
A73,P132,1
A33,P133,1
A184,P133,2
A113,P133,3
A60,P134,1
A39,P135,1
A127,P136,1
A88,P137,1
A108,P137,2
A128,P138,1
A96,P138,2
A119,P138,3
A85,P139,1
A193,P140,1
A15,P141,1
A69,P141,2
A19,P142,1
A140,P142,2
A121,P142,3
A47,P142,4
A65,P143,1
A98,P143,2
A32,P144,1
A99,P145,1
A198,P145,2
A64,P146,1
A189,P146,2
A9,P146,3
A51,P146,4
A189,P147,1
A198,P147,2
A25,P147,3
A134,P147,4
A122,P148,1
A100,P148,2
A83,P149,1
A41,P149,2
A162,P149,3
A191,P150,1
A65,P151,1
A164,P152,1
A77,P152,2
A51,P152,3
A93,P152,4
A171,P153,1
A29,P154,1
A61,P154,2
A84,P155,1
A4,P155,2
A43,P155,3
A71,P155,4
A102,P156,1
A3,P157,1
A11,P157,2
A177,P158,1
A153,P158,2
A40,P158,3
A96,P158,4
A64,P159,1
A128,P160,1
A24,P160,2
A195,P161,1
A161,P161,2
A16,P161,3
A92,P162,1
A180,P163,1
A138,P163,2
A33,P164,1
A60,P165,1
A82,P165,2
A143,P165,3
A166,P165,4
A113,P166,1
A188,P166,2
A50,P166,3
A177,P167,1
A92,P168,1
A186,P168,2
A35,P168,3
A65,P168,4
A125,P169,1
A144,P170,1
A76,P170,2
A139,P170,3
A179,P170,4
A49,P171,1
A146,P171,2
A48,P171,3
A140,P171,4
A83,P172,1
A188,P172,2
A120,P172,3
A154,P173,1
A142,P173,2
A42,P173,3
A136,P174,1
A116,P175,1
A76,P175,2
A139,P176,1
A94,P176,2
A117,P176,3
A199,P177,1
A188,P178,1
A48,P178,2
A5,P178,3
A159,P178,4
A199,P179,1
A159,P179,2
A62,P179,3
A185,P180,1
A17,P180,2
A169,P180,3
A49,P181,1
A135,P181,2
A175,P181,3
A128,P181,4
A157,P182,1
A73,P182,2
A105,P183,1
A165,P183,2
A83,P183,3
A25,P184,1
A12,P185,1
A46,P186,1
A9,P186,2
A28,P187,1
A125,P187,2
A26,P188,1
A9,P188,2
A169,P189,1
A126,P189,2
A135,P189,3
A160,P189,4
A13,P190,1
A94,P190,2
A57,P190,3
A4,P191,1
A168,P192,1
A126,P192,2
A120,P193,1
A93,P194,1
A95,P195,1
A182,P195,2
A15,P195,3
A158,P195,4
A136,P196,1
A11,P196,2
A188,P196,3
A78,P197,1
A56,P198,1
A26,P199,1
A137,P200,1
A99,P200,2
A50,P201,1
A135,P201,2
A146,P202,1
A161,P202,2
A143,P203,1
A192,P203,2
A192,P204,1
A28,P204,2
A197,P204,3
A164,P204,4
A173,P205,1
A118,P205,2
A180,P205,3
A27,P206,1
A43,P206,2
A47,P206,3
A141,P206,4
A130,P207,1
A87,P207,2
A169,P207,3
A41,P207,4
A91,P208,1
A81,P208,2
A141,P208,3
A84,P208,4
A106,P209,1
A196,P209,2
A163,P209,3
A186,P210,1
A83,P210,2
A156,P210,3
A62,P210,4
A97,P211,1
A197,P211,2
A93,P212,1
A116,P212,2
A115,P212,3
A1,P213,1
A186,P213,2
A9,P213,3
A73,P213,4
A133,P214,1
A78,P215,1
A2,P215,2
A57,P216,1
A55,P216,2
A81,P216,3
A198,P217,1
A142,P218,1
A131,P218,2
A143,P218,3
A25,P219,1
A10,P219,2
A92,P220,1
A40,P220,2
A36,P220,3
A68,P220,4
A150,P221,1
A64,P221,2
A60,P221,3
A77,P222,1
A24,P222,2
A147,P222,3
A146,P223,1
A56,P223,2
A188,P223,3
A20,P223,4
A124,P224,1
A45,P224,2
A125,P224,3
A153,P225,1
A10,P226,1
A188,P226,2
A148,P226,3
A21,P227,1
A200,P227,2
A15,P227,3
A198,P227,4
A90,P228,1
A112,P228,2
A107,P228,3
A198,P229,1
A192,P230,1
A168,P230,2
A163,P231,1
A14,P232,1
A79,P232,2
A135,P232,3
A11,P232,4
A139,P233,1
A145,P233,2
A39,P233,3
A129,P234,1
A179,P234,2
A57,P234,3
A13,P235,1
A173,P235,2
A115,P236,1
A193,P236,2
A153,P236,3
A148,P236,4
A57,P237,1
A75,P238,1
A101,P238,2
A38,P238,3
A34,P238,4
A22,P239,1
A122,P239,2
A147,P239,3
A141,P240,1
A68,P241,1
A22,P241,2
A103,P241,3
A129,P241,4
A199,P242,1
A179,P242,2
A34,P242,3
A196,P242,4
A124,P243,1
A144,P243,2
A125,P244,1
A102,P244,2
A144,P245,1
A158,P245,2
A63,P246,1
A19,P246,2
A199,P247,1
A111,P247,2
A83,P247,3
A29,P248,1
A109,P249,1
A94,P249,2
A90,P249,3
A49,P249,4
A89,P250,1
A153,P250,2
A168,P250,3
A198,P251,1
A44,P252,1
A90,P252,2
A158,P252,3
A160,P253,1
A38,P253,2
A113,P253,3
A12,P253,4
A52,P254,1
A176,P254,2
A40,P255,1
A194,P255,2
A187,P255,3
A29,P256,1
A63,P257,1
A74,P258,1
A4,P258,2
A178,P259,1
A29,P259,2
A79,P259,3
A121,P260,1
A6,P260,2
A85,P260,3
A54,P260,4
A53,P261,1
A140,P261,2
A141,P262,1
A124,P262,2
A160,P262,3
A178,P263,1
A179,P263,2
A97,P264,1
A66,P265,1
A16,P266,1
A73,P266,2
A179,P267,1
A159,P267,2
A14,P268,1
A120,P268,2
A168,P268,3
A18,P269,1
A170,P270,1
A70,P270,2
A169,P270,3
A93,P270,4
A5,P271,1
A167,P272,1
A99,P272,2
A60,P272,3
A131,P273,1
A182,P273,2
A26,P273,3
A81,P273,4
A153,P274,1
A137,P274,2
A23,P274,3
A48,P274,4
A129,P275,1
A118,P275,2
A11,P276,1
A136,P277,1
A79,P277,2
A126,P278,1
A101,P278,2
A191,P278,3
A5,P279,1
A89,P279,2
A91,P280,1
A161,P280,2
A78,P280,3
A129,P281,1
A71,P281,2
A161,P282,1
A100,P283,1
A8,P283,2
A143,P283,3
A58,P284,1
A39,P284,2
A88,P284,3
A169,P285,1
A36,P285,2
A23,P285,3
A187,P285,4
A134,P286,1
A174,P286,2
A157,P286,3
A161,P286,4
A107,P287,1
A62,P287,2
A110,P288,1
A80,P288,2
A115,P289,1
A139,P289,2
A34,P289,3
A168,P290,1
A36,P290,2
A36,P291,1
A80,P291,2
A111,P292,1
A198,P292,2
A168,P293,1
A145,P293,2
A82,P294,1
A18,P294,2
A48,P295,1
A38,P296,1
A187,P296,2
A8,P296,3
A106,P297,1
A78,P297,2
A114,P297,3
A39,P298,1
A200,P298,2
A49,P298,3
A34,P299,1
A7,P300,1
A196,P300,2
A156,P301,1
A146,P301,2
A157,P301,3
A153,P302,1
A60,P302,2
A176,P303,1
A7,P303,2
A21,P304,1
A177,P304,2
A200,P304,3
A35,P305,1
A129,P305,2
A155,P305,3
A121,P305,4
A48,P306,1
A100,P306,2
A126,P306,3
A36,P307,1
A42,P307,2
A50,P307,3
A58,P307,4
A105,P308,1
A70,P309,1
A57,P310,1
A191,P310,2
A172,P310,3
A52,P310,4
A17,P311,1
A46,P311,2
A158,P312,1
A126,P312,2
A177,P312,3
A84,P312,4
A64,P313,1
A110,P313,2
A104,P313,3
A199,P313,4
A156,P314,1
A185,P315,1
A81,P315,2
A101,P315,3
A157,P315,4
A134,P316,1
A116,P317,1
A11,P318,1
A63,P318,2
A133,P318,3
A138,P318,4
A189,P319,1
A11,P319,2
A143,P319,3
A100,P319,4
A49,P320,1
A113,P321,1
A102,P321,2
A78,P321,3
A119,P322,1
A43,P322,2
A109,P322,3
A157,P323,1
A14,P323,2
A177,P323,3
A119,P324,1
A166,P324,2
A24,P325,1
A185,P325,2
A129,P325,3
A29,P325,4
A200,P326,1
A150,P326,2
A101,P327,1
A106,P327,2
A116,P328,1
A7,P328,2
A46,P328,3
A152,P329,1
A183,P329,2
A52,P329,3
A117,P329,4
A65,P330,1
A178,P331,1
A167,P331,2
A183,P331,3
A184,P332,1
A188,P332,2
A24,P333,1
A181,P334,1
A163,P335,1
A93,P335,2
A22,P335,3
A135,P335,4
A187,P336,1
A131,P336,2
A157,P336,3
A41,P336,4
A141,P337,1
A98,P337,2
A12,P337,3
A197,P337,4
A86,P338,1
A145,P338,2
A42,P339,1
A38,P339,2
A197,P340,1
A183,P340,2
A108,P341,1
A80,P342,1
A187,P342,2
A197,P342,3
A74,P343,1
A161,P343,2
A47,P343,3
A31,P343,4
A52,P344,1
A1,P344,2
A4,P345,1
A118,P345,2
A128,P345,3
A140,P346,1
A2,P346,2
A156,P346,3
A127,P346,4
A56,P347,1
A151,P347,2
A117,P348,1
A105,P348,2
A114,P348,3
A21,P348,4
A63,P349,1
A159,P350,1
A161,P350,2
A143,P350,3
A13,P351,1
A48,P351,2
A15,P352,1
A168,P352,2
A10,P353,1
A38,P353,2
A9,P353,3
A85,P354,1
A23,P354,2
A13,P354,3
A107,P355,1
A42,P356,1
A173,P356,2
A157,P357,1
A170,P357,2
A178,P357,3
A117,P358,1
A192,P358,2
A10,P359,1
A24,P359,2
A197,P359,3
A83,P360,1
A95,P360,2
A98,P360,3
A195,P361,1
A141,P362,1
A17,P362,2
A75,P362,3
A121,P362,4
A32,P363,1
A178,P363,2
A85,P364,1
A135,P364,2
A106,P364,3
A179,P365,1
A54,P365,2
A28,P366,1
A124,P367,1
A110,P368,1
A156,P368,2
A82,P368,3
A135,P369,1
A148,P369,2
A160,P369,3
A34,P370,1
A158,P370,2
A145,P370,3
A134,P371,1
A187,P371,2
A162,P371,3
A128,P371,4
A47,P372,1
A157,P372,2
A60,P372,3
A182,P372,4
A50,P373,1
A1,P373,2
A31,P373,3
A120,P374,1
A189,P375,1
A158,P376,1
A107,P376,2
A12,P377,1
A86,P377,2
A90,P377,3
A144,P377,4
A3,P378,1
A164,P378,2
A177,P379,1
A73,P379,2
A18,P380,1
A79,P380,2
A77,P380,3
A197,P381,1
A2,P381,2
A30,P381,3
A88,P382,1
A102,P382,2
A186,P382,3
A45,P383,1
A85,P384,1
A87,P384,2
A122,P385,1
A10,P385,2
A166,P385,3
A35,P385,4
A40,P386,1
A161,P386,2
A118,P386,3
A138,P386,4
A119,P387,1
A106,P387,2
A191,P387,3
A134,P388,1
A145,P389,1
A186,P389,2
A174,P389,3
A143,P390,1
A138,P390,2
A5,P390,3
A148,P391,1
A176,P391,2
A91,P392,1
A17,P392,2
A39,P392,3
A8,P393,1
A87,P393,2
A97,P393,3
A147,P394,1
A156,P394,2
A48,P395,1
A153,P395,2
A30,P395,3
A193,P395,4
A181,P396,1
A81,P396,2
A182,P396,3
A70,P397,1
A23,P398,1
A128,P398,2
A61,P398,3
A96,P398,4
A78,P399,1
A56,P399,2
A135,P399,3
A45,P399,4
A96,P400,1
A200,P401,1
A24,P402,1
A114,P402,2
A124,P403,1
A49,P404,1
A88,P404,2
A188,P405,1
A135,P405,2
A80,P405,3
A199,P405,4
A37,P406,1
A197,P406,2
A26,P406,3
A53,P407,1
A186,P407,2
A118,P408,1
A183,P409,1
A134,P409,2
A30,P409,3
A2,P409,4
A12,P410,1
A176,P410,2
A153,P410,3
A86,P411,1
A12,P412,1
A27,P412,2
A134,P412,3
A197,P412,4
A6,P413,1
A148,P413,2
A195,P413,3
A164,P414,1
A54,P414,2
A83,P414,3
A50,P415,1
A74,P415,2
A137,P416,1
A82,P416,2
A198,P416,3
A172,P417,1
A31,P417,2
A70,P417,3
A39,P417,4
A71,P418,1
A30,P418,2
A160,P419,1
A53,P420,1
A141,P421,1
A82,P421,2
A70,P421,3
A181,P422,1
A73,P422,2
A44,P423,1
A19,P423,2
A157,P424,1
A87,P424,2
A139,P424,3
A13,P425,1
A34,P425,2
A8,P425,3
A121,P425,4
A28,P426,1
A14,P427,1
A23,P427,2
A110,P427,3
A101,P427,4
A181,P428,1
A153,P428,2
A158,P429,1
A92,P429,2
A80,P429,3
A86,P429,4
A183,P430,1
A195,P430,2
A194,P431,1
A146,P432,1
A34,P432,2
A24,P432,3
A179,P432,4
A25,P433,1
A117,P433,2
A80,P433,3
A176,P433,4
A121,P434,1
A60,P434,2
A58,P434,3
A37,P434,4
A94,P435,1
A101,P435,2
A47,P435,3
A84,P436,1
A117,P436,2
A125,P436,3
A17,P437,1
A29,P438,1
A90,P438,2
A123,P438,3
A119,P438,4
A73,P439,1
A197,P439,2
A155,P440,1
A148,P440,2
A33,P440,3
A104,P441,1
A84,P442,1
A78,P443,1
A103,P444,1
A152,P444,2
A106,P444,3
A62,P444,4
A141,P445,1
A41,P445,2
A99,P446,1
A17,P446,2
A88,P446,3
A54,P446,4
A112,P447,1
A146,P447,2
A88,P447,3
A140,P447,4
A45,P448,1
A170,P448,2
A190,P449,1
A30,P450,1
A152,P450,2
A153,P450,3
A119,P450,4
A143,P451,1
A25,P451,2
A114,P451,3
A79,P452,1
A104,P452,2
A154,P453,1
A176,P454,1
A84,P455,1
A127,P455,2
A166,P455,3
A170,P455,4
A24,P456,1
A36,P457,1
A149,P457,2
A194,P458,1
A170,P459,1
A39,P459,2
A137,P460,1
A75,P460,2
A100,P460,3
A158,P460,4
A51,P461,1
A53,P461,2
A175,P461,3
A82,P461,4
A146,P462,1
A174,P462,2
A78,P462,3
A184,P463,1
A89,P463,2
A23,P463,3
A150,P463,4
A157,P464,1
A33,P465,1
A76,P465,2
A16,P465,3
A95,P465,4
A1,P466,1
A29,P467,1
A73,P467,2
A8,P467,3
A111,P468,1
A180,P468,2
A161,P469,1
A82,P469,2
A183,P469,3
A98,P469,4
A98,P470,1
A112,P470,2
A140,P470,3
A55,P470,4
A122,P471,1
A36,P471,2
A143,P472,1
A99,P472,2
A107,P473,1
A40,P473,2
A74,P473,3
A35,P474,1
A3,P474,2
A166,P475,1
A37,P476,1
A169,P477,1
A112,P477,2
A35,P477,3
A22,P477,4
A165,P478,1
A107,P478,2
A179,P479,1
A155,P479,2
A109,P479,3
A160,P479,4
A117,P480,1
A131,P480,2
A142,P481,1
A116,P481,2
A99,P481,3
A91,P481,4
A48,P482,1
A109,P482,2
A148,P483,1
A188,P484,1
A61,P484,2
A183,P484,3
A129,P484,4
A106,P485,1
A140,P485,2
A148,P485,3
A9,P486,1
A10,P486,2
A146,P486,3
A181,P487,1
A95,P487,2
A29,P487,3
A149,P487,4
A177,P488,1
A21,P488,2
A37,P488,3
A187,P488,4
A120,P489,1
A133,P489,2
A21,P489,3
A63,P490,1
A162,P491,1
A190,P491,2
A170,P491,3
A172,P491,4
A176,P492,1
A157,P493,1
A14,P493,2
A88,P493,3
A121,P494,1
A132,P495,1
A121,P495,2
A147,P495,3
A188,P495,4
A108,P496,1
A91,P496,2
A76,P496,3
A43,P497,1
A10,P497,2
A178,P497,3
A187,P498,1
A145,P498,2
A67,P498,3
A162,P499,1
A149,P500,1
A44,P500,2
A147,P500,3
A14,P500,4
A189,P501,1
A160,P501,2
A7,P501,3
A125,P502,1
A22,P502,2
A33,P502,3
A72,P503,1
A34,P504,1
A158,P504,2
A72,P504,3
A66,P505,1
A4,P505,2
A190,P505,3
A155,P506,1
A152,P507,1
A190,P507,2
A169,P508,1
A115,P508,2
A45,P509,1
A67,P509,2
A180,P509,3
A125,P510,1
A47,P510,2
A88,P511,1
A38,P512,1
A127,P513,1
A193,P513,2
A198,P514,1
A99,P514,2
A61,P514,3
A170,P514,4
A186,P515,1
A164,P515,2
A43,P515,3
A54,P515,4
A14,P516,1
A165,P516,2
A68,P516,3
A14,P517,1
A119,P518,1
A103,P518,2
A78,P519,1
A122,P519,2
A192,P519,3
A193,P519,4
A98,P520,1
A175,P520,2
A122,P521,1
A68,P521,2
A38,P521,3
A136,P521,4
A4,P522,1
A74,P522,2
A115,P522,3
A98,P522,4
A136,P523,1
A175,P523,2
A11,P523,3
A137,P524,1
A111,P525,1
A157,P525,2
A167,P525,3
A86,P526,1
A70,P526,2
A69,P526,3
A66,P527,1
A119,P528,1
A198,P528,2
A173,P528,3
A192,P528,4
A188,P529,1
A173,P529,2
A134,P530,1
A87,P530,2
A81,P531,1
A141,P531,2
A173,P532,1
A18,P533,1
A106,P534,1
A135,P535,1
A176,P536,1
A90,P537,1
A57,P537,2
A186,P537,3
A73,P537,4
A50,P538,1
A9,P538,2
A7,P538,3
A15,P539,1
A154,P540,1
A164,P540,2
A182,P541,1
A23,P542,1
A97,P543,1
A169,P543,2
A29,P544,1
A179,P544,2
A65,P545,1
A76,P545,2
A170,P546,1
A20,P546,2
A164,P546,3
A117,P546,4
A197,P547,1
A110,P547,2
A178,P547,3
A66,P548,1
A42,P548,2
A200,P548,3
A71,P549,1
A98,P550,1
A86,P551,1
A16,P551,2
A67,P551,3
A68,P551,4
A113,P552,1
A18,P552,2
A52,P553,1
A157,P553,2
A101,P553,3
A46,P553,4
A28,P554,1
A37,P554,2
A139,P554,3
A197,P554,4
A56,P555,1
A158,P555,2
A165,P555,3
A28,P555,4
A184,P556,1
A67,P556,2
A27,P556,3
A9,P556,4
A19,P557,1
A199,P558,1
A115,P558,2
A5,P558,3
A39,P559,1
A168,P559,2
A164,P559,3
A1,P559,4
A171,P560,1
A69,P561,1
A39,P561,2
A180,P561,3
A85,P561,4
A148,P562,1
A1,P562,2
A132,P562,3
A182,P562,4
A123,P563,1
A112,P563,2
A104,P563,3
A187,P563,4
A139,P564,1
A1,P565,1
A99,P565,2
A32,P566,1
A146,P566,2
A138,P566,3
A92,P566,4
A175,P567,1
A78,P567,2
A103,P567,3
A162,P568,1
A94,P569,1
A21,P570,1
A118,P570,2
A195,P570,3
A166,P571,1
A52,P571,2
A46,P571,3
A99,P572,1
A77,P573,1
A179,P573,2
A28,P574,1
A162,P574,2
A177,P574,3
A92,P574,4
A22,P575,1
A162,P575,2
A113,P575,3
A189,P575,4
A36,P576,1
A10,P576,2
A7,P577,1
A185,P577,2
A126,P578,1
A100,P578,2
A139,P579,1
A128,P580,1
A137,P580,2
A116,P580,3
A10,P581,1
A15,P582,1
A87,P582,2
A185,P582,3
A104,P583,1
A55,P584,1
A174,P585,1
A138,P585,2
A39,P585,3
A190,P585,4
A19,P586,1
A10,P586,2
A126,P587,1
A168,P587,2
A121,P588,1
A63,P589,1
A4,P590,1
A45,P590,2
A79,P591,1
A117,P592,1
A152,P593,1
A17,P593,2
A30,P594,1
A153,P595,1
A158,P595,2
A57,P595,3
A17,P595,4
A110,P596,1
A87,P596,2
A84,P597,1
A31,P597,2
A176,P597,3
A148,P597,4
A83,P598,1
A55,P598,2
A152,P599,1
A86,P600,1
A17,P600,2
A71,P601,1
A194,P602,1
A107,P602,2
A179,P603,1
A95,P603,2
A113,P604,1
A63,P604,2
A35,P605,1
A162,P606,1
A200,P607,1
A41,P607,2
A5,P607,3
A125,P607,4
A2,P608,1
A46,P609,1
A181,P610,1
A107,P611,1
A178,P611,2
A198,P611,3
A178,P612,1
A33,P612,2
A53,P612,3
A37,P612,4
A134,P613,1
A116,P613,2
A106,P613,3
A45,P614,1
A157,P614,2
A153,P615,1
A184,P616,1
A128,P616,2
A161,P617,1
A90,P618,1
A108,P618,2
A2,P618,3
A50,P619,1
A31,P619,2
A159,P620,1
A195,P621,1
A139,P621,2
A130,P621,3
A119,P622,1
A198,P622,2
A71,P623,1
A14,P623,2
A29,P624,1
A39,P624,2
A128,P625,1
A46,P625,2
A41,P625,3
A172,P625,4
A14,P626,1
A73,P627,1
A54,P627,2
A112,P627,3
A86,P628,1
A158,P628,2
A195,P628,3
A12,P629,1
A27,P629,2
A190,P629,3
A14,P629,4
A41,P630,1
A8,P630,2
A132,P631,1
A30,P631,2
A19,P631,3
A61,P631,4
A152,P632,1
A149,P632,2
A84,P632,3
A108,P632,4
A192,P633,1
A174,P633,2
A59,P634,1
A200,P634,2
A29,P634,3
A59,P635,1
A26,P635,2
A61,P635,3
A52,P636,1
A97,P636,2
A57,P636,3
A19,P636,4
A150,P637,1
A125,P637,2
A14,P637,3
A112,P637,4
A56,P638,1
A157,P638,2
A46,P639,1
A100,P639,2
A96,P639,3
A35,P639,4
A185,P640,1
A50,P640,2
A162,P640,3
A92,P640,4
A52,P641,1
A86,P641,2
A33,P641,3
A178,P642,1
A72,P643,1
A29,P644,1
A120,P644,2
A108,P645,1
A44,P645,2
A195,P645,3
A88,P645,4
A76,P646,1
A155,P646,2
A164,P647,1
A157,P647,2
A148,P648,1
A142,P648,2
A23,P649,1
A106,P649,2
A56,P650,1
A152,P650,2
A122,P650,3
A119,P650,4
A4,P651,1
A187,P651,2
A110,P651,3
A64,P652,1
A84,P652,2
A149,P653,1
A57,P653,2
A152,P653,3
A39,P653,4
A107,P654,1
A11,P655,1
A188,P656,1
A197,P656,2
A130,P656,3
A9,P656,4
A136,P657,1
A101,P657,2
A123,P657,3
A179,P657,4
A116,P658,1
A62,P659,1
A22,P659,2
A143,P659,3
A193,P659,4
A178,P660,1
A56,P661,1
A34,P661,2
A92,P661,3
A76,P661,4
A166,P662,1
A24,P662,2
A123,P663,1
A42,P664,1
A181,P664,2
A118,P664,3
A117,P665,1
A198,P666,1
A36,P666,2
A181,P666,3
A104,P666,4
A95,P667,1
A161,P667,2
A181,P668,1
A163,P668,2
A1,P668,3
A161,P668,4
A99,P669,1
A136,P670,1
A9,P670,2
A76,P670,3
A193,P671,1
A70,P671,2
A179,P671,3
A157,P671,4
A176,P672,1
A21,P672,2
A189,P673,1
A15,P673,2
A132,P673,3
A14,P674,1
A29,P674,2
A99,P674,3
A120,P675,1
A159,P675,2
A11,P675,3
A94,P676,1
A45,P676,2
A166,P676,3
A144,P677,1
A36,P678,1
A86,P678,2
A139,P679,1
A30,P679,2
A189,P680,1
A193,P680,2
A149,P680,3
A180,P680,4
A193,P681,1
A191,P681,2
A83,P682,1
A91,P682,2
A129,P683,1
A175,P683,2
A109,P683,3
A14,P684,1
A17,P684,2
A96,P684,3
A116,P685,1
A125,P685,2
A129,P685,3
A121,P686,1
A116,P687,1
A159,P687,2
A95,P687,3
A49,P688,1
A23,P689,1
A21,P689,2
A101,P689,3
A46,P689,4
A20,P690,1
A28,P690,2
A43,P690,3
A29,P691,1
A179,P691,2
A38,P691,3
A39,P692,1
A53,P692,2
A134,P692,3
A161,P692,4
A76,P693,1
A175,P694,1
A139,P694,2
A34,P694,3
A122,P694,4
A108,P695,1
A114,P695,2
A189,P695,3
A75,P696,1
A17,P697,1
A6,P697,2
A134,P698,1
A166,P698,2
A106,P699,1
A149,P699,2
A88,P699,3
A125,P700,1
A152,P700,2
A171,P700,3
A118,P701,1
A78,P701,2
A146,P701,3
A34,P701,4
A44,P702,1
A67,P702,2
A59,P702,3
A96,P703,1
A74,P703,2
A198,P703,3
A13,P703,4
A91,P704,1
A73,P704,2
A43,P705,1
A159,P705,2
A42,P705,3
A183,P705,4
A47,P706,1
A45,P706,2
A182,P706,3
A42,P707,1
A61,P707,2
A11,P708,1
A148,P709,1
A33,P709,2
A113,P709,3
A95,P710,1
A48,P710,2
A53,P710,3
A171,P711,1
A89,P712,1
A38,P712,2
A96,P712,3
A139,P713,1
A42,P713,2
A137,P713,3
A78,P713,4
A7,P714,1
A128,P715,1
A197,P715,2
A38,P715,3
A118,P715,4
A40,P716,1
A2,P716,2
A190,P716,3
A166,P717,1
A181,P717,2
A76,P717,3
A75,P718,1
A194,P718,2
A147,P718,3
A171,P718,4
A145,P719,1
A187,P719,2
A87,P720,1
A177,P720,2
A29,P720,3
A188,P720,4
A11,P721,1
A36,P721,2
A174,P721,3
A142,P721,4
A79,P722,1
A103,P723,1
A115,P724,1
A92,P724,2
A84,P725,1
A156,P726,1
A150,P727,1
A135,P727,2
A197,P728,1
A72,P728,2
A6,P729,1
A22,P729,2
A174,P730,1
A172,P730,2
A23,P730,3
A132,P730,4
A50,P731,1
A126,P731,2
A82,P731,3
A155,P731,4
A171,P732,1
A102,P733,1
A38,P733,2
A184,P733,3
A95,P734,1
A99,P734,2
A96,P734,3
A4,P734,4
A89,P735,1
A90,P735,2
A79,P735,3
A144,P736,1
A23,P736,2
A56,P736,3
A187,P736,4
A190,P737,1
A107,P737,2
A114,P737,3
A74,P737,4
A187,P738,1
A109,P738,2
A36,P739,1
A151,P739,2
A154,P739,3
A23,P739,4
A54,P740,1
A78,P740,2
A135,P741,1
A86,P741,2
A17,P741,3
A152,P741,4
A23,P742,1
A2,P742,2
A105,P742,3
A164,P742,4
A107,P743,1
A45,P743,2
A143,P743,3
A182,P744,1
A146,P744,2
A194,P744,3
A36,P744,4
A48,P745,1
A98,P745,2
A142,P746,1
A126,P746,2
A11,P746,3
A150,P747,1
A78,P747,2
A127,P747,3
A58,P748,1
A7,P748,2
A1,P748,3
A40,P748,4
A77,P749,1
A164,P749,2
A163,P749,3
A32,P750,1
A168,P750,2
A171,P750,3
A74,P750,4
A46,P751,1
A126,P751,2
A177,P751,3
A166,P751,4
A8,P752,1
A31,P752,2
A127,P753,1
A18,P753,2
A154,P753,3
A149,P754,1
A124,P754,2
A145,P754,3
A67,P755,1
A161,P755,2
A176,P755,3
A122,P755,4
A96,P756,1
A67,P757,1
A149,P758,1
A15,P758,2
A82,P759,1
A119,P759,2
A92,P760,1
A42,P760,2
A70,P761,1
A108,P762,1
A163,P762,2
A92,P762,3
A75,P763,1
A136,P764,1
A164,P764,2
A20,P764,3
A197,P765,1
A161,P765,2
A196,P766,1
A25,P766,2
A140,P767,1
A83,P767,2
A176,P768,1
A78,P768,2
A70,P768,3
A25,P769,1
A137,P769,2
A149,P769,3
A37,P770,1
A4,P770,2
A36,P770,3
A96,P771,1
A200,P771,2
A125,P771,3
A88,P772,1
A42,P772,2
A27,P772,3
A56,P772,4
A129,P773,1
A57,P773,2
A144,P774,1
A158,P774,2
A107,P775,1
A20,P776,1
A30,P776,2
A34,P776,3
A5,P776,4
A90,P777,1
A80,P777,2
A177,P777,3
A93,P777,4
A114,P778,1
A153,P778,2
A45,P779,1
A182,P779,2
A78,P779,3
A191,P780,1
A57,P781,1
A178,P782,1
A37,P782,2
A79,P783,1
A33,P783,2
A34,P784,1
A21,P784,2
A177,P785,1
A196,P785,2
A29,P785,3
A20,P785,4
A199,P786,1
A194,P787,1
A111,P787,2
A11,P787,3
A51,P787,4
A9,P788,1
A121,P789,1
A65,P790,1
A17,P791,1
A171,P792,1
A3,P792,2
A194,P792,3
A32,P793,1
A151,P794,1
A52,P794,2
A172,P795,1
A90,P795,2
A24,P796,1
A192,P797,1
A72,P797,2
A91,P798,1
A42,P798,2
A129,P798,3
A130,P799,1
A146,P799,2
A26,P800,1
A136,P801,1
A184,P802,1
A50,P802,2
A44,P803,1
A194,P803,2
A138,P803,3
A186,P804,1
A55,P805,1
A94,P806,1
A179,P806,2
A151,P806,3
A48,P806,4
A173,P807,1
A28,P807,2
A47,P807,3
A91,P807,4
A109,P808,1
A55,P808,2
A132,P808,3
A59,P808,4
A29,P809,1
A195,P809,2
A81,P809,3
A32,P809,4
A29,P810,1
A134,P810,2
A35,P810,3
A127,P810,4
A181,P811,1
A74,P811,2
A143,P811,3
A22,P812,1
A127,P813,1
A30,P813,2
A99,P813,3
A117,P814,1
A154,P814,2
A189,P814,3
A176,P815,1
A114,P815,2
A58,P815,3
A75,P816,1
A110,P816,2
A49,P816,3
A18,P816,4
A174,P817,1
A95,P817,2
A46,P817,3
A4,P817,4
A173,P818,1
A27,P818,2
A102,P818,3
A113,P818,4
A31,P819,1
A102,P820,1
A103,P820,2
A190,P821,1
A17,P822,1
A94,P822,2
A87,P823,1
A52,P823,2
A32,P824,1
A60,P824,2
A109,P824,3
A186,P824,4
A72,P825,1
A196,P825,2
A183,P825,3
A197,P825,4
A194,P826,1
A165,P826,2
A103,P826,3
A122,P827,1
A171,P827,2
A155,P827,3
A125,P828,1
A131,P828,2
A72,P828,3
A38,P828,4
A28,P829,1
A32,P829,2
A65,P829,3
A126,P829,4
A60,P830,1
A161,P830,2
A35,P830,3
A8,P830,4
A189,P831,1
A18,P832,1
A174,P833,1
A7,P833,2
A46,P833,3
A98,P833,4
A40,P834,1
A78,P834,2
A160,P834,3
A195,P835,1
A170,P836,1
A120,P837,1
A52,P837,2
A76,P837,3
A170,P837,4
A126,P838,1
A130,P838,2
A67,P838,3
A139,P838,4
A139,P839,1
A140,P839,2
A5,P839,3
A111,P840,1
A99,P841,1
A81,P842,1
A97,P842,2
A114,P842,3
A118,P842,4
A9,P843,1
A143,P844,1
A169,P844,2
A181,P845,1
A43,P845,2
A126,P845,3
A35,P846,1
A80,P846,2
A184,P846,3
A100,P846,4
A196,P847,1
A29,P847,2
A146,P847,3
A173,P847,4
A169,P848,1
A142,P848,2
A176,P848,3
A139,P848,4
A122,P849,1
A144,P849,2
A41,P849,3
A130,P849,4
A101,P850,1
A127,P851,1
A152,P851,2
A97,P851,3
A197,P852,1
A73,P852,2
A83,P852,3
A8,P853,1
A33,P854,1
A90,P855,1
A190,P855,2
A150,P855,3
A196,P856,1
A98,P857,1
A25,P857,2
A110,P857,3
A92,P858,1
A106,P858,2
A90,P858,3
A170,P859,1
A64,P860,1
A61,P860,2
A152,P861,1
A22,P861,2
A177,P861,3
A79,P862,1
A87,P863,1
A6,P864,1
A138,P864,2
A10,P865,1
A118,P865,2
A169,P865,3
A146,P866,1
A132,P866,2
A108,P866,3
A69,P866,4
A179,P867,1
A151,P868,1
A6,P868,2
A82,P868,3
A97,P868,4
A83,P869,1
A147,P869,2
A26,P869,3
A126,P869,4
A177,P870,1
A87,P871,1
A128,P871,2
A43,P872,1
A158,P872,2
A77,P872,3
A112,P873,1
A52,P873,2
A128,P873,3
A138,P874,1
A74,P875,1
A68,P875,2
A77,P876,1
A58,P877,1
A160,P877,2
A191,P877,3
A24,P877,4
A152,P878,1
A70,P879,1
A18,P879,2
A146,P879,3
A110,P880,1
A54,P880,2
A89,P880,3
A20,P880,4
A130,P881,1
A77,P881,2
A111,P881,3
A52,P882,1
A107,P882,2
A103,P882,3
A160,P883,1
A132,P883,2
A117,P883,3
A5,P884,1
A161,P884,2
A148,P885,1
A128,P885,2
A170,P886,1
A191,P886,2
A69,P887,1
A164,P887,2
A137,P887,3
A158,P887,4
A145,P888,1
A187,P888,2
A161,P888,3
A16,P888,4
A94,P889,1
A119,P889,2
A62,P890,1
A39,P890,2
A112,P891,1
A106,P891,2
A82,P891,3
A163,P892,1
A106,P893,1
A69,P893,2
A166,P894,1
A42,P894,2
A66,P894,3
A104,P895,1
A62,P895,2
A39,P896,1
A8,P897,1
A63,P897,2
A119,P898,1
A125,P898,2
A144,P898,3
A109,P899,1
A166,P899,2
A10,P899,3
A52,P899,4
A70,P900,1
A35,P900,2
A67,P901,1
A169,P902,1
A141,P902,2
A46,P902,3
A185,P903,1
A6,P904,1
A15,P904,2
A22,P904,3
A81,P904,4
A17,P905,1
A105,P905,2
A94,P905,3
A102,P906,1
A61,P907,1
A29,P907,2
A134,P908,1
A128,P909,1
A24,P909,2
A61,P909,3
A198,P910,1
A85,P911,1
A150,P911,2
A189,P911,3
A192,P912,1
A191,P912,2
A61,P912,3
A109,P912,4
A37,P913,1
A28,P913,2
A55,P914,1
A71,P914,2
A105,P915,1
A66,P915,2
A151,P915,3
A15,P915,4
A137,P916,1
A96,P916,2
A180,P916,3
A29,P916,4
A140,P917,1
A109,P917,2
A122,P917,3
A72,P918,1
A38,P918,2
A122,P919,1
A184,P919,2
A95,P919,3
A6,P920,1
A166,P920,2
A156,P920,3
A190,P921,1
A177,P922,1
A65,P923,1
A142,P923,2
A80,P924,1
A164,P924,2
A180,P924,3
A93,P924,4
A137,P925,1
A114,P926,1
A100,P926,2
A101,P927,1
A78,P928,1
A24,P928,2
A194,P928,3
A77,P929,1
A54,P929,2
A113,P930,1
A162,P930,2
A197,P931,1
A165,P931,2
A105,P931,3
A71,P932,1
A200,P933,1
A121,P934,1
A189,P934,2
A106,P934,3
A86,P934,4
A26,P935,1
A42,P935,2
A179,P935,3
A67,P935,4
A91,P936,1
A155,P937,1
A187,P937,2
A141,P937,3
A189,P937,4
A117,P938,1
A178,P938,2
A8,P938,3
A165,P939,1
A162,P940,1
A114,P940,2
A1,P941,1
A103,P941,2
A161,P942,1
A79,P942,2
A148,P943,1
A22,P943,2
A29,P943,3
A64,P944,1
A133,P944,2
A153,P945,1
A176,P945,2
A82,P946,1
A116,P946,2
A123,P946,3
A189,P946,4
A67,P947,1
A45,P947,2
A73,P948,1
A51,P948,2
A22,P948,3
A95,P949,1
A47,P949,2
A101,P949,3
A97,P949,4
A6,P950,1
A143,P950,2
A23,P951,1
A119,P951,2
A68,P952,1
A180,P952,2
A13,P953,1
A103,P953,2
A154,P954,1
A67,P954,2
A39,P954,3
A23,P954,4
A44,P955,1
A146,P955,2
A31,P955,3
A184,P956,1
A198,P957,1
A117,P957,2
A173,P957,3
A127,P957,4
A58,P958,1
A49,P959,1
A69,P959,2
A192,P960,1
A127,P960,2
A98,P960,3
A111,P961,1
A53,P961,2
A73,P962,1
A187,P962,2
A108,P963,1
A47,P963,2
A38,P964,1
A8,P964,2
A75,P964,3
A68,P964,4
A159,P965,1
A116,P965,2
A95,P966,1
A150,P966,2
A22,P967,1
A3,P967,2
A121,P967,3
A35,P967,4
A178,P968,1
A102,P968,2
A176,P968,3
A183,P969,1
A99,P969,2
A189,P970,1
A153,P970,2
A66,P970,3
A19,P970,4
A143,P971,1
A14,P972,1
A61,P973,1
A121,P973,2
A91,P973,3
A2,P974,1
A130,P975,1
A159,P975,2
A98,P975,3
A102,P976,1
A172,P976,2
A95,P976,3
A144,P977,1
A11,P977,2
A67,P978,1
A44,P978,2
A87,P979,1
A120,P979,2
A34,P979,3
A23,P979,4
A182,P980,1
A136,P980,2
A111,P980,3
A67,P981,1
A30,P981,2
A12,P982,1
A33,P982,2
A128,P982,3
A192,P983,1
A93,P983,2
A111,P983,3
A68,P984,1
A157,P984,2
A195,P984,3
A133,P985,1
A81,P985,2
A112,P985,3
A81,P986,1
A189,P986,2
A196,P987,1
A39,P987,2
A143,P987,3
A169,P987,4
A14,P988,1
A49,P988,2
A39,P988,3
A59,P988,4
A10,P989,1
A121,P989,2
A42,P990,1
A181,P990,2
A120,P990,3
A30,P991,1
A127,P991,2
A11,P991,3
A114,P991,4
A182,P992,1
A144,P992,2
A125,P992,3
A127,P993,1
A29,P993,2
A185,P993,3
A38,P993,4
A90,P994,1
A53,P995,1
A47,P996,1
A44,P996,2
A192,P996,3
A145,P997,1
A170,P997,2
A150,P997,3
A150,P998,1
A2,P998,2
A107,P999,1
A20,P999,2
A197,P1000,1
A128,P1000,2
A85,P1001,1
A73,P1002,1
A101,P1003,1
A152,P1004,1
A28,P1004,2
A83,P1004,3
A8,P1005,1
A21,P1005,2
A182,P1006,1
A169,P1006,2
A123,P1006,3
A117,P1006,4
A153,P1007,1
A169,P1007,2
A2,P1007,3
A12,P1008,1
A168,P1008,2
A160,P1008,3
A84,P1009,1
A188,P1009,2
A146,P1009,3
A34,P1009,4
A13,P1010,1
A165,P1010,2
A83,P1011,1
A15,P1011,2
A191,P1011,3
A141,P1012,1
A24,P1013,1
A103,P1013,2
A66,P1013,3
A46,P1013,4
A198,P1014,1
A103,P1014,2
A6,P1015,1
A42,P1016,1
A100,P1016,2
A73,P1017,1
A166,P1017,2
A193,P1017,3
A168,P1017,4
A31,P1018,1
A77,P1018,2
A111,P1019,1
A189,P1019,2
A80,P1019,3
A176,P1019,4
A92,P1020,1
A171,P1020,2
A95,P1021,1
A126,P1022,1
A115,P1022,2
A122,P1023,1
A69,P1023,2
A145,P1023,3
A154,P1023,4
A24,P1024,1
A194,P1024,2
A109,P1024,3
A95,P1024,4
A112,P1025,1
A162,P1025,2
A24,P1026,1
A11,P1026,2
A132,P1026,3
A88,P1026,4
A174,P1027,1
A58,P1027,2
A166,P1027,3
A176,P1027,4
A127,P1028,1
A135,P1028,2
A75,P1029,1
A112,P1030,1
A21,P1030,2
A123,P1030,3
A77,P1030,4
A33,P1031,1
A176,P1031,2
A64,P1032,1
A134,P1032,2
A110,P1032,3
A146,P1033,1
A13,P1033,2
A142,P1033,3
A12,P1034,1
A131,P1035,1
A106,P1036,1
A25,P1036,2
A119,P1036,3
A170,P1036,4
A91,P1037,1
A66,P1037,2
A150,P1037,3
A197,P1038,1
A30,P1039,1
A46,P1040,1
A47,P1040,2
A101,P1040,3
A12,P1040,4
A107,P1041,1
A81,P1042,1
A151,P1042,2
A186,P1042,3
A194,P1043,1
A172,P1043,2
A116,P1043,3
A160,P1043,4
A88,P1044,1
A48,P1044,2
A55,P1044,3
A21,P1045,1
A192,P1045,2
A173,P1046,1
A28,P1046,2
A112,P1046,3
A2,P1047,1
A30,P1048,1
A4,P1048,2
A44,P1048,3
A168,P1048,4
A118,P1049,1
A178,P1049,2
A104,P1049,3
A169,P1049,4
A78,P1050,1
A159,P1050,2
A158,P1050,3
A93,P1050,4
A78,P1051,1
A23,P1051,2
A33,P1051,3
A35,P1051,4
A49,P1052,1
A5,P1053,1
A7,P1054,1
A54,P1054,2
A167,P1055,1
A38,P1055,2
A62,P1055,3
A112,P1055,4
A23,P1056,1
A78,P1056,2
A38,P1057,1
A122,P1057,2
A109,P1057,3
A6,P1057,4
A43,P1058,1
A190,P1059,1
A180,P1059,2
A125,P1060,1
A121,P1060,2
A6,P1060,3
A116,P1060,4
A52,P1061,1
A76,P1061,2
A14,P1062,1
A86,P1062,2
A3,P1062,3
A27,P1062,4
A107,P1063,1
A127,P1063,2
A189,P1063,3
A149,P1063,4
A10,P1064,1
A125,P1064,2
A103,P1064,3
A132,P1065,1
A152,P1065,2
A186,P1065,3
A157,P1065,4
A60,P1066,1
A183,P1066,2
A16,P1066,3
A136,P1066,4
A109,P1067,1
A142,P1068,1
A17,P1068,2
A69,P1068,3
A122,P1069,1
A30,P1069,2
A127,P1069,3
A160,P1069,4
A115,P1070,1
A179,P1070,2
A112,P1070,3
A42,P1071,1
A186,P1072,1
A50,P1072,2
A121,P1072,3
A113,P1073,1
A60,P1073,2
A130,P1073,3
A151,P1074,1
A176,P1074,2
A155,P1075,1
A184,P1075,2
A169,P1075,3
A34,P1076,1
A76,P1076,2
A186,P1076,3
A183,P1076,4
A107,P1077,1
A173,P1077,2
A168,P1077,3
A189,P1077,4
A121,P1078,1
A42,P1078,2
A160,P1078,3
A73,P1079,1
A177,P1079,2
A171,P1080,1
A34,P1081,1
A45,P1081,2
A52,P1081,3
A41,P1081,4
A26,P1082,1
A107,P1082,2
A127,P1082,3
A78,P1082,4
A54,P1083,1
A143,P1083,2
A5,P1084,1
A67,P1085,1
A92,P1085,2
A174,P1085,3
A45,P1086,1
A129,P1086,2
A17,P1087,1
A111,P1088,1
A30,P1088,2
A159,P1088,3
A31,P1089,1
A144,P1089,2
A125,P1090,1
A67,P1090,2
A91,P1091,1
A197,P1091,2
A12,P1091,3
A39,P1092,1
A177,P1092,2
A132,P1092,3
A181,P1093,1
A113,P1094,1
A194,P1095,1
A29,P1095,2
A28,P1095,3
A157,P1095,4
A144,P1096,1
A130,P1097,1
A43,P1098,1
A53,P1099,1
A41,P1100,1
A187,P1100,2
A75,P1100,3
A196,P1101,1
A130,P1101,2
A128,P1101,3
A188,P1101,4
A40,P1102,1
A86,P1103,1
A36,P1103,2
A32,P1103,3
A113,P1104,1
A107,P1104,2
A63,P1105,1
A88,P1106,1
A74,P1106,2
A130,P1106,3
A44,P1106,4
A69,P1107,1
A184,P1108,1
A194,P1108,2
A107,P1108,3
A162,P1109,1
A171,P1109,2
A63,P1109,3
A193,P1110,1
A136,P1110,2
A59,P1111,1
A36,P1111,2
A110,P1111,3
A106,P1111,4
A118,P1112,1
A133,P1112,2
A175,P1112,3
A93,P1112,4
A114,P1113,1
A198,P1114,1
A3,P1114,2
A22,P1115,1
A81,P1116,1
A103,P1116,2
A198,P1116,3
A112,P1117,1
A16,P1117,2
A195,P1118,1
A10,P1118,2
A170,P1118,3
A165,P1118,4
A148,P1119,1
A15,P1119,2
A108,P1120,1
A103,P1120,2
A175,P1120,3
A185,P1121,1
A191,P1121,2
A81,P1121,3
A3,P1122,1
A72,P1122,2
A136,P1122,3
A180,P1123,1
A104,P1123,2
A165,P1124,1
A53,P1124,2
A140,P1124,3
A160,P1124,4
A179,P1125,1
A89,P1125,2
A167,P1125,3
A104,P1125,4
A78,P1126,1
A22,P1126,2
A138,P1127,1
A100,P1128,1
A186,P1128,2
A185,P1128,3
A134,P1129,1
A139,P1129,2
A55,P1130,1
A24,P1130,2
A131,P1130,3
A134,P1131,1
A88,P1131,2
A194,P1131,3
A6,P1132,1
A8,P1132,2
A62,P1133,1
A199,P1133,2
A78,P1133,3
A130,P1134,1
A29,P1134,2
A188,P1134,3
A16,P1134,4
A67,P1135,1
A161,P1135,2
A130,P1135,3
A32,P1136,1
A13,P1136,2
A194,P1136,3
A115,P1137,1
A147,P1138,1
A189,P1138,2
A2,P1138,3
A87,P1139,1
A61,P1139,2
A191,P1139,3
A149,P1139,4
A90,P1140,1
A77,P1140,2
A171,P1141,1
A184,P1141,2
A147,P1141,3
A183,P1142,1
A97,P1142,2
A27,P1143,1
A84,P1143,2
A200,P1144,1
A93,P1144,2
A26,P1145,1
A38,P1145,2
A183,P1145,3
A109,P1145,4
A21,P1146,1
A24,P1146,2
A16,P1146,3
A109,P1146,4
A122,P1147,1
A55,P1147,2
A20,P1148,1
A95,P1148,2
A174,P1148,3
A135,P1148,4
A151,P1149,1
A144,P1149,2
A133,P1149,3
A200,P1149,4
A68,P1150,1
A150,P1150,2
A128,P1150,3
A163,P1150,4
A113,P1151,1
A177,P1151,2
A126,P1151,3
A188,P1151,4
A42,P1152,1
A37,P1152,2
A130,P1152,3
A33,P1152,4
A183,P1153,1
A118,P1153,2
A34,P1153,3
A181,P1153,4
A178,P1154,1
A117,P1155,1
A122,P1155,2
A192,P1156,1
A144,P1157,1
A95,P1157,2
A155,P1158,1
A29,P1159,1
A31,P1159,2
A95,P1159,3
A147,P1159,4
A11,P1160,1
A134,P1160,2
A40,P1160,3
A96,P1161,1
A96,P1162,1
A78,P1162,2
A76,P1162,3
A8,P1163,1
A37,P1163,2
A151,P1163,3
A108,P1163,4
A79,P1164,1
A56,P1165,1
A47,P1165,2
A190,P1165,3
A1,P1166,1
A32,P1166,2
A141,P1166,3
A90,P1166,4
A12,P1167,1
A124,P1168,1
A147,P1168,2
A80,P1168,3
A145,P1168,4
A87,P1169,1
A97,P1169,2
A122,P1169,3
A185,P1169,4
A196,P1170,1
A36,P1170,2
A195,P1171,1
A116,P1171,2
A171,P1171,3
A115,P1171,4
A187,P1172,1
A84,P1172,2
A160,P1173,1
A100,P1174,1
A60,P1174,2
A102,P1174,3
A87,P1174,4
A172,P1175,1
A189,P1176,1
A72,P1176,2
A166,P1176,3
A23,P1176,4
A182,P1177,1
A7,P1177,2
A144,P1178,1
A166,P1178,2
A32,P1178,3
A50,P1179,1
A146,P1180,1
A193,P1181,1
A122,P1181,2
A31,P1182,1
A5,P1183,1
A71,P1183,2
A63,P1184,1
A181,P1184,2
A22,P1185,1
A137,P1185,2
A156,P1185,3
A83,P1185,4
A151,P1186,1
A12,P1186,2
A126,P1186,3
A6,P1186,4
A112,P1187,1
A47,P1187,2
A107,P1187,3
A136,P1188,1
A98,P1189,1
A66,P1189,2
A24,P1189,3
A26,P1190,1
A74,P1191,1
A37,P1191,2
A66,P1192,1
A197,P1192,2
A40,P1193,1
A105,P1194,1
A174,P1194,2
A44,P1194,3
A158,P1195,1
A47,P1196,1
A7,P1196,2
A183,P1196,3
A77,P1197,1
A26,P1198,1
A82,P1198,2
A37,P1198,3
A106,P1198,4
A67,P1199,1
A97,P1199,2
A31,P1199,3
A52,P1200,1
A193,P1201,1
A153,P1201,2
A127,P1202,1
A131,P1202,2
A30,P1203,1
A69,P1203,2
A16,P1203,3
A82,P1203,4
A142,P1204,1
A105,P1204,2
A17,P1204,3
A124,P1204,4
A105,P1205,1
A5,P1206,1
A69,P1206,2
A64,P1207,1
A78,P1208,1
A146,P1208,2
A115,P1209,1
A22,P1209,2
A163,P1209,3
A129,P1209,4
A37,P1210,1
A96,P1210,2
A63,P1211,1
A138,P1211,2
A143,P1212,1
A116,P1212,2
A11,P1212,3
A1,P1212,4
A159,P1213,1
A75,P1213,2
A168,P1213,3
A43,P1213,4
A16,P1214,1
A70,P1215,1
A154,P1215,2
A65,P1215,3
A175,P1215,4
A90,P1216,1
A162,P1216,2
A55,P1216,3
A150,P1216,4
A12,P1217,1
A42,P1217,2
A190,P1217,3
A77,P1218,1
A102,P1219,1
A36,P1220,1
A111,P1221,1
A54,P1221,2
A157,P1221,3
A175,P1222,1
A88,P1222,2
A163,P1222,3
A193,P1223,1
A182,P1223,2
A116,P1223,3
A63,P1224,1
A170,P1224,2
A83,P1224,3
A54,P1225,1
A118,P1225,2
A154,P1225,3
A5,P1226,1
A178,P1226,2
A35,P1226,3
A156,P1227,1
A2,P1228,1
A3,P1228,2
A173,P1228,3
A45,P1228,4
A143,P1229,1
A179,P1229,2
A181,P1229,3
A126,P1229,4
A138,P1230,1
A21,P1230,2
A167,P1230,3
A20,P1230,4
A172,P1231,1
A173,P1232,1
A32,P1232,2
A91,P1232,3
A97,P1232,4
A100,P1233,1
A46,P1233,2
A197,P1233,3
A32,P1234,1
A95,P1235,1
A50,P1235,2
A114,P1235,3
A3,P1235,4
A191,P1236,1
A6,P1236,2
A175,P1237,1
A182,P1237,2
A92,P1237,3
A24,P1238,1
A158,P1238,2
A184,P1239,1
A57,P1239,2
A60,P1239,3
A93,P1240,1
A10,P1240,2
A72,P1240,3
A127,P1240,4
A2,P1241,1
A51,P1241,2
A29,P1242,1
A72,P1242,2
A146,P1242,3
A129,P1242,4
A44,P1243,1
A142,P1243,2
A50,P1243,3
A169,P1243,4
A17,P1244,1
A151,P1244,2
A191,P1245,1
A17,P1245,2
A67,P1246,1
A146,P1246,2
A134,P1247,1
A187,P1247,2
A50,P1248,1
A174,P1248,2
A6,P1248,3
A175,P1249,1
A144,P1249,2
A117,P1249,3
A110,P1250,1
A83,P1251,1
A105,P1252,1
A71,P1252,2
A32,P1252,3
A175,P1252,4
A127,P1253,1
A93,P1253,2
A133,P1253,3
A195,P1253,4
A185,P1254,1
A13,P1255,1
A72,P1255,2
A137,P1256,1
A115,P1256,2
A81,P1256,3
A2,P1256,4
A50,P1257,1
A86,P1257,2
A21,P1257,3
A147,P1257,4
A189,P1258,1
A177,P1259,1
A109,P1259,2
A64,P1260,1
A43,P1261,1
A85,P1261,2
A17,P1262,1
A161,P1262,2
A25,P1262,3
A123,P1263,1
A7,P1264,1
A152,P1264,2
A161,P1264,3
A86,P1264,4
A64,P1265,1
A28,P1265,2
A122,P1265,3
A88,P1266,1
A14,P1266,2
A134,P1267,1
A61,P1267,2
A19,P1267,3
A196,P1268,1
A25,P1268,2
A161,P1268,3
A115,P1268,4
A22,P1269,1
A9,P1270,1
A81,P1271,1
A178,P1271,2
A17,P1271,3
A33,P1271,4
A114,P1272,1
A78,P1273,1
A17,P1274,1
A27,P1274,2
A174,P1274,3
A15,P1274,4
A76,P1275,1
A103,P1276,1
A25,P1276,2
A159,P1276,3
A193,P1276,4
A60,P1277,1
A154,P1277,2
A169,P1277,3
A160,P1277,4
A117,P1278,1
A119,P1279,1
A110,P1279,2
A159,P1279,3
A26,P1279,4
A167,P1280,1
A173,P1280,2
A7,P1280,3
A133,P1281,1
A85,P1281,2
A151,P1281,3
A50,P1281,4
A27,P1282,1
A153,P1283,1
A152,P1284,1
A147,P1285,1
A33,P1285,2
A91,P1286,1
A108,P1286,2
A124,P1286,3
A48,P1287,1
A63,P1287,2
A36,P1287,3
A12,P1287,4
A33,P1288,1
A150,P1289,1
A112,P1289,2
A132,P1289,3
A80,P1290,1
A150,P1290,2
A139,P1290,3
A38,P1291,1
A121,P1291,2
A155,P1292,1
A88,P1292,2
A75,P1292,3
A3,P1293,1
A133,P1293,2
A151,P1293,3
A15,P1294,1
A61,P1294,2
A109,P1295,1
A51,P1296,1
A52,P1296,2
A164,P1296,3
A18,P1297,1
A88,P1297,2
A171,P1298,1
A122,P1298,2
A154,P1299,1
A178,P1299,2
A85,P1299,3
A149,P1299,4
A158,P1300,1
A77,P1300,2
A108,P1300,3
A42,P1301,1
A27,P1301,2
A117,P1301,3
A127,P1302,1
A1,P1303,1
A164,P1303,2
A178,P1304,1
A59,P1304,2
A160,P1305,1
A55,P1305,2
A62,P1305,3
A124,P1305,4
A190,P1306,1
A97,P1306,2
A53,P1306,3
A48,P1307,1
A2,P1307,2
A93,P1307,3
A3,P1307,4
A92,P1308,1
A143,P1309,1
A37,P1310,1
A113,P1311,1
A50,P1311,2
A162,P1311,3
A12,P1312,1
A8,P1312,2
A51,P1312,3
A73,P1313,1
A45,P1313,2
A68,P1314,1
A185,P1314,2
A87,P1315,1
A142,P1315,2
A46,P1316,1
A51,P1316,2
A46,P1317,1
A26,P1318,1
A6,P1318,2
A174,P1318,3
A98,P1319,1
A168,P1319,2
A87,P1320,1
A79,P1321,1
A117,P1321,2
A95,P1322,1
A96,P1322,2
A135,P1323,1
A160,P1323,2
A183,P1324,1
A17,P1324,2
A31,P1324,3
A37,P1324,4
A49,P1325,1
A50,P1325,2
A178,P1326,1
A96,P1326,2
A82,P1326,3
A154,P1326,4
A163,P1327,1
A63,P1327,2
A12,P1327,3
A196,P1327,4
A138,P1328,1
A76,P1328,2
A84,P1329,1
A64,P1329,2
A162,P1330,1
A33,P1331,1
A131,P1331,2
A150,P1331,3
A54,P1332,1
A187,P1332,2
A21,P1332,3
A121,P1332,4
A43,P1333,1
A193,P1334,1
A166,P1334,2
A131,P1334,3
A96,P1334,4
A133,P1335,1
A119,P1335,2
A46,P1335,3
A83,P1335,4
A135,P1336,1
A178,P1336,2
A124,P1336,3
A122,P1337,1
A69,P1337,2
A149,P1337,3
A103,P1337,4
A54,P1338,1
A52,P1339,1
A116,P1339,2
A102,P1340,1
A56,P1340,2
A109,P1341,1
A97,P1341,2
A147,P1341,3
A96,P1342,1
A66,P1342,2
A35,P1343,1
A76,P1344,1
A133,P1345,1
A91,P1345,2
A59,P1345,3
A150,P1345,4
A120,P1346,1
A110,P1347,1
A116,P1347,2
A120,P1347,3
A105,P1348,1
A95,P1348,2
A128,P1348,3
A82,P1348,4
A98,P1349,1
A7,P1349,2
A46,P1349,3
A60,P1350,1
A68,P1350,2
A166,P1350,3
A20,P1350,4
A22,P1351,1
A76,P1351,2
A129,P1351,3
A71,P1352,1
A26,P1353,1
A31,P1353,2
A93,P1354,1
A140,P1355,1
A86,P1356,1
A51,P1356,2
A65,P1357,1
A78,P1357,2
A191,P1357,3
A49,P1358,1
A181,P1358,2
A155,P1358,3
A193,P1359,1
A184,P1359,2
A3,P1360,1
A198,P1360,2
A77,P1360,3
A89,P1361,1
A104,P1361,2
A149,P1361,3
A121,P1362,1
A102,P1363,1
A59,P1363,2
A186,P1364,1
A192,P1364,2
A122,P1365,1
A60,P1365,2
A185,P1366,1
A119,P1366,2
A88,P1366,3
A22,P1366,4
A49,P1367,1
A110,P1367,2
A198,P1367,3
A54,P1368,1
A113,P1368,2
A116,P1368,3
A143,P1368,4
A96,P1369,1
A148,P1370,1
A33,P1370,2
A189,P1371,1
A3,P1371,2
A128,P1371,3
A87,P1372,1
A58,P1372,2
A108,P1372,3
A176,P1373,1
A193,P1373,2
A104,P1373,3
A196,P1373,4
A84,P1374,1
A151,P1374,2
A6,P1374,3
A36,P1375,1
A85,P1376,1
A146,P1376,2
A98,P1377,1
A53,P1377,2
A101,P1377,3
A17,P1377,4
A49,P1378,1
A122,P1378,2
A28,P1378,3
A85,P1378,4
A164,P1379,1
A78,P1379,2
A24,P1379,3
A44,P1379,4
A173,P1380,1
A9,P1381,1
A177,P1381,2
A7,P1382,1
A48,P1382,2
A51,P1382,3
A18,P1382,4
A73,P1383,1
A53,P1383,2
A60,P1383,3
A75,P1383,4
A117,P1384,1
A95,P1385,1
A44,P1386,1
A106,P1387,1
A101,P1387,2
A41,P1387,3
A34,P1388,1
A123,P1389,1
A191,P1389,2
A18,P1389,3
A100,P1389,4
A34,P1390,1
A53,P1390,2
A111,P1391,1
A182,P1391,2
A171,P1391,3
A41,P1392,1
A155,P1392,2
A148,P1392,3
A80,P1392,4
A129,P1393,1
A184,P1393,2
A71,P1394,1
A52,P1394,2
A2,P1394,3
A37,P1394,4
A17,P1395,1
A103,P1395,2
A155,P1395,3
A64,P1395,4
A146,P1396,1
A126,P1396,2
A118,P1396,3
A148,P1397,1
A11,P1397,2
A189,P1397,3
A24,P1397,4
A166,P1398,1
A117,P1398,2
A89,P1398,3
A101,P1399,1
A157,P1399,2
A45,P1399,3
A64,P1400,1
A46,P1400,2
A159,P1400,3
A188,P1400,4
A118,P1401,1
A99,P1401,2
A169,P1401,3
A47,P1401,4
A101,P1402,1
A62,P1403,1
A71,P1404,1
A161,P1404,2
A171,P1405,1
A18,P1405,2
A179,P1405,3
A127,P1406,1
A106,P1406,2
A95,P1407,1
A194,P1408,1
A130,P1409,1
A105,P1410,1
A116,P1410,2
A43,P1410,3
A54,P1411,1
A130,P1411,2
A12,P1411,3
A7,P1412,1
A19,P1412,2
A164,P1412,3
A178,P1412,4
A98,P1413,1
A88,P1413,2
A191,P1413,3
A103,P1413,4
A102,P1414,1
A10,P1414,2
A65,P1415,1
A182,P1416,1
A84,P1417,1
A172,P1417,2
A125,P1418,1
A119,P1418,2
A18,P1418,3
A22,P1418,4
A183,P1419,1
A113,P1419,2
A121,P1420,1
A72,P1420,2
A44,P1421,1
A5,P1421,2
A46,P1422,1
A32,P1423,1
A137,P1423,2
A190,P1423,3
A44,P1424,1
A20,P1424,2
A172,P1424,3
A196,P1424,4
A174,P1425,1
A40,P1426,1
A113,P1426,2
A92,P1426,3
A56,P1427,1
A183,P1427,2
A173,P1428,1
A114,P1429,1
A179,P1429,2
A163,P1430,1
A100,P1431,1
A114,P1432,1
A14,P1432,2
A154,P1432,3
A13,P1433,1
A197,P1434,1
A52,P1434,2
A64,P1434,3
A96,P1434,4
A52,P1435,1
A24,P1435,2
A108,P1436,1
A4,P1437,1
A50,P1438,1
A175,P1438,2
A172,P1438,3
A57,P1439,1
A171,P1440,1
A186,P1441,1
A43,P1441,2
A107,P1442,1
A84,P1443,1
A144,P1444,1
A161,P1444,2
A49,P1444,3
A139,P1445,1
A102,P1445,2
A31,P1446,1
A60,P1446,2
A55,P1446,3
A28,P1446,4
A83,P1447,1
A45,P1447,2
A4,P1447,3
A168,P1448,1
A81,P1448,2
A4,P1448,3
A100,P1448,4
A118,P1449,1
A57,P1449,2
A169,P1450,1
A167,P1451,1
A160,P1451,2
A95,P1451,3
A18,P1452,1
A106,P1453,1
A78,P1453,2
A27,P1454,1
A183,P1454,2
A138,P1454,3
A146,P1454,4
A65,P1455,1
A25,P1455,2
A162,P1456,1
A179,P1456,2
A100,P1456,3
A86,P1457,1
A45,P1457,2
A171,P1458,1
A124,P1458,2
A18,P1458,3
A5,P1459,1
A156,P1459,2
A150,P1459,3
A98,P1460,1
A131,P1460,2
A164,P1460,3
A190,P1460,4
A129,P1461,1
A151,P1461,2
A60,P1462,1
A158,P1463,1
A80,P1464,1
A189,P1465,1
A110,P1465,2
A159,P1466,1
A21,P1466,2
A36,P1467,1
A128,P1468,1
A76,P1468,2
A52,P1468,3
A97,P1469,1
A53,P1469,2
A61,P1470,1
A190,P1471,1
A85,P1471,2
A35,P1471,3
A72,P1471,4
A165,P1472,1
A195,P1472,2
A11,P1472,3
A166,P1473,1
A74,P1473,2
A193,P1473,3
A7,P1473,4
A188,P1474,1
A85,P1474,2
A63,P1475,1
A53,P1475,2
A139,P1475,3
A171,P1476,1
A176,P1477,1
A179,P1477,2
A156,P1478,1
A98,P1478,2
A47,P1479,1
A114,P1479,2
A162,P1479,3
A17,P1480,1
A18,P1481,1
A50,P1481,2
A14,P1481,3
A163,P1481,4
A53,P1482,1
A33,P1482,2
A45,P1483,1
A61,P1484,1
A130,P1484,2
A110,P1485,1
A80,P1486,1
A43,P1486,2
A185,P1486,3
A51,P1486,4
A109,P1487,1
A46,P1487,2
A78,P1488,1
A74,P1488,2
A163,P1489,1
A52,P1489,2
A70,P1489,3
A124,P1489,4
A93,P1490,1
A97,P1491,1
A43,P1491,2
A121,P1491,3
A113,P1491,4
A130,P1492,1
A157,P1492,2
A189,P1492,3
A111,P1492,4
A124,P1493,1
A6,P1493,2
A110,P1494,1
A22,P1494,2
A195,P1494,3
A77,P1494,4
A142,P1495,1
A187,P1495,2
A66,P1496,1
A98,P1496,2
A79,P1497,1
A117,P1497,2
A73,P1497,3
A97,P1497,4
A19,P1498,1
A86,P1498,2
A35,P1498,3
A184,P1498,4
A51,P1499,1
A40,P1499,2
A49,P1499,3
A2,P1499,4
A129,P1500,1
