src_paper_id,dst_paper_id
P151,P1120
P846,P208
P733,P641
P412,P1104
P1430,P1343
P446,P863
P889,P495
P155,P122
P402,P1441
P445,P978
P365,P616
P610,P102
P1097,P65
P338,P1009
P1472,P115
P1455,P52
P563,P584
P139,P448
P1132,P1414
P1170,P283
P251,P656
P1495,P504
P1466,P1366
P669,P1014
P840,P564
P554,P302
P510,P1002
P1206,P1495
P709,P719
P541,P1289
P478,P185
P1285,P875
P1267,P628
P496,P691
P324,P1411
P768,P960
P903,P467
P416,P1495
P971,P893
P620,P263
P1086,P340
P496,P1277
P1435,P1049
P593,P333
P31,P75
P790,P196
P837,P742
P802,P225
P392,P1140
P755,P146
P558,P205
P819,P33
P1356,P272
P387,P1207
P470,P678
P963,P364
P833,P607
P879,P31
P169,P197
P542,P575
P990,P45
P1251,P826
P1455,P487
P1390,P155
P798,P713
P718,P129
P695,P1158
P858,P690
P1454,P4
P215,P464
P1251,P365
P993,P630
P818,P820
P1362,P481
P592,P1367
P1108,P683
P1100,P965
P264,P23
P687,P838
P970,P672
P335,P332
P235,P187
P496,P652
P1287,P362
P1173,P731
P1364,P859
P1192,P1442
P1124,P673
P310,P208
P1352,P147
P530,P810
P902,P639
P271,P15
P226,P617
P202,P401
P265,P126
P919,P854
P857,P138
P197,P726
P133,P910
P1265,P1173
P283,P345
P986,P1457
P72,P1413
P1338,P344
P662,P247
P573,P1018
P324,P241
P565,P1008
P773,P927
P292,P381
P1142,P1423
P785,P1472
P990,P119
P281,P857
P652,P1029
P1274,P95
P725,P1178
P1077,P736
P97,P932
P510,P1306
P1258,P1136
P6,P227
P708,P1295
P1353,P40
P505,P523
P1174,P22
P1315,P568
P506,P86
P1437,P680
P1179,P494
P358,P822
P331,P287
P1222,P39
P1168,P1030
P1047,P473
P1038,P1253
P36,P18
P436,P778
P545,P826
P1161,P112
P786,P655
P409,P533
P1036,P944
P949,P548
P1108,P1129
P1310,P1047
P890,P630
P1202,P235
P882,P1223
P551,P575
P774,P1472
P145,P972
P1200,P484
P1170,P941
P1204,P1131
P399,P981
P1236,P1123
P663,P894
P264,P462
P553,P205
P729,P652
P477,P893
P1306,P497
P1160,P85
P375,P330
P1397,P1128
P1435,P378
P1408,P979
P382,P1469
P1371,P601
P441,P836
P1194,P386
P1088,P1042
P831,P783
P837,P928
P1169,P975
P1459,P1383
P1327,P59
P580,P1249
P1451,P1258
P6,P821
P1261,P1263
P700,P599
P867,P1487
P58,P473
P515,P1093
P452,P151
P207,P395
P326,P1333
P243,P968
P1128,P168
P621,P517
P1198,P164
P1220,P826
P457,P1018
P181,P75
P1481,P977
P858,P143
P428,P968
P108,P792
P1500,P480
P67,P1131
P1283,P478
P188,P101
P715,P1089
P206,P577
P1411,P930
P159,P528
P389,P1397
P1456,P402
P722,P213
P354,P101
P61,P430
P285,P1209
P1333,P1203
P817,P286
P586,P108
P914,P277
P948,P928
P790,P156
P593,P307
P693,P427
P504,P760
P63,P760
P99,P20
P1191,P858
P715,P566
P69,P1002
P73,P193
P279,P1006
P638,P131
P344,P1168
P1392,P34
P130,P1055
P477,P1032
P263,P778
P1135,P414
P532,P419
P324,P1310
P226,P998
P126,P1425
P1391,P1055
P1244,P1087
P110,P292
P161,P1016
P827,P838
P904,P1196
P111,P711
P1116,P1075
P915,P1115
P732,P1303
P45,P1258
P464,P1375
P1464,P1262
P1481,P9
P625,P223
P630,P110
P1284,P1347
P964,P1389
P1242,P1080
P650,P61
P745,P549
P795,P454
P521,P1373
P658,P977
P613,P1279
P741,P484
P294,P442
P250,P406
P800,P151
P708,P452
P1046,P1059
P940,P1279
P1418,P253
P613,P717
P1210,P361
P1223,P1359
P1435,P1339
P1422,P62
P1050,P478
P1229,P1288
P624,P129
P18,P290
P1265,P510
P481,P399
P143,P1307
P1067,P213
P472,P571
P877,P79
P1172,P127
P160,P537
P608,P1361
P204,P797
P1210,P185
P808,P928
P1270,P67
P17,P1255
P1239,P387
P794,P965
P27,P612
P575,P353
P494,P479
P317,P266
P487,P670
P927,P1020
P166,P226
P1272,P1147
P439,P1269
P703,P334
P1180,P29
P1173,P1176
P665,P1344
P576,P1109
P1316,P1118
P389,P1239
P522,P1499
P493,P859
P918,P397
P1010,P1217
P240,P944
P1229,P789
P1321,P639
P148,P763
P363,P388
P1198,P345
P1087,P1189
P784,P1077
P95,P1500
P1336,P98
P705,P122
P568,P1339
P1461,P725
P1404,P1293
P1495,P1195
P1309,P459
P534,P1211
P1203,P1432
P1142,P931
P1302,P1114
P1139,P877
P809,P1000
P115,P161
P758,P725
P783,P1374
P92,P240
P57,P1265
P1225,P96
P794,P581
P1010,P1299
P401,P1120
P803,P857
P178,P689
P1347,P777
P1214,P586
P497,P18
P663,P705
P1499,P311
P1431,P1441
P1010,P1227
P709,P1232
P1029,P106
P538,P695
P1341,P268
P1071,P529
P367,P1080
P1252,P1224
P903,P1197
P1454,P573
P1428,P154
P548,P646
P1088,P1112
P563,P17
P1033,P974
P36,P1212
P184,P307
P138,P1226
P68,P453
P341,P22
P538,P590
P896,P1346
P856,P808
P256,P297
P1492,P130
P1480,P540
P497,P567
P978,P1362
P1041,P987
P1439,P1356
P595,P589
P571,P127
P1411,P537
P611,P832
P415,P1216
P773,P1176
P28,P1021
P111,P947
P1342,P1112
P1083,P1385
P286,P1130
P1063,P1495
P1384,P1229
P1284,P684
P537,P139
P714,P582
P1468,P85
P1293,P1138
P356,P410
P308,P38
P637,P229
P1429,P424
P722,P486
P466,P198
P28,P998
P57,P213
P257,P55
P763,P889
P163,P355
P952,P40
P25,P1370
P156,P350
P644,P510
P1010,P1372
P762,P570
P1315,P1035
P1230,P117
P256,P1263
P25,P1196
P571,P607
P943,P285
P680,P598
P1492,P1218
P1432,P413
P47,P1335
P510,P19
P1468,P447
P378,P919
P315,P192
P700,P383
P1451,P753
P1065,P597
P1052,P1304
P781,P1267
P1032,P624
P1148,P346
P264,P1128
P264,P678
P233,P822
P523,P1307
P615,P785
P878,P143
P122,P637
P1020,P523
P147,P937
P569,P1494
P551,P225
P86,P102
P1192,P983
P392,P640
P403,P11
P1097,P1347
P1409,P252
P1066,P314
P772,P755
P370,P770
P1457,P174
P820,P1068
P846,P451
P1321,P382
P145,P1239
P1291,P1454
P557,P813
P1223,P1376
P396,P911
P419,P687
P1386,P1301
P195,P1333
P824,P308
P379,P310
P758,P1177
P999,P640
P271,P1183
P795,P519
P1286,P960
P716,P383
P635,P1110
P629,P429
P845,P350
P801,P422
P6,P367
P206,P229
P1169,P192
P755,P178
P266,P801
P158,P1498
P935,P1380
P790,P808
P343,P930
P589,P414
P1448,P402
P488,P465
P1388,P966
P748,P1454
P364,P1129
P1322,P463
P545,P17
P421,P1167
P1264,P1268
P1200,P698
P669,P1275
P1089,P815
P1420,P1218
P1134,P1220
P536,P354
P374,P1448
P1279,P1477
P798,P221
P51,P1429
P724,P1342
P916,P466
P168,P1184
P729,P1322
P439,P1043
P1236,P402
P1088,P967
P924,P381
P547,P1423
P319,P147
P225,P1088
P389,P5
P781,P826
P1446,P1005
P170,P1298
P1197,P1035
P835,P230
P158,P422
P788,P1234
P118,P910
P683,P984
P278,P1459
P1322,P32
P154,P985
P22,P922
P499,P280
P1200,P60
P1140,P417
P1299,P1000
P384,P797
P551,P189
P491,P275
P497,P757
P935,P1029
P36,P1260
P687,P485
P1288,P1405
P958,P957
P271,P1016
P830,P673
P1162,P94
P967,P835
P1016,P779
P71,P1207
P410,P1430
P619,P915
P1310,P1435
P643,P1497
P403,P116
P238,P231
P1025,P1030
P336,P53
P770,P264
P707,P1418
P278,P69
P271,P748
P193,P782
P117,P1321
P652,P1332
P835,P171
P332,P793
P828,P1284
P13,P987
P105,P992
P904,P41
P730,P743
P350,P482
P873,P1441
P1433,P1369
P61,P419
P66,P561
P996,P214
P903,P328
P706,P306
P1151,P664
P896,P616
P805,P590
P281,P591
P431,P1096
P1141,P757
P706,P710
P1218,P315
P425,P852
P847,P241
P1246,P1496
P672,P1477
P973,P11
P69,P267
P13,P588
P1474,P416
P418,P1083
P372,P1059
P248,P981
P1377,P557
P1300,P713
P1429,P97
P488,P1194
P523,P649
P306,P801
P55,P10
P797,P622
P593,P1236
P212,P500
P503,P219
P602,P56
P306,P449
P1091,P1427
P44,P1315
P26,P828
P573,P648
P982,P473
P717,P637
P109,P253
P703,P511
P428,P214
P1205,P120
P854,P562
P677,P816
P1003,P348
P1042,P588
P360,P1480
P208,P350
P1269,P1373
P1165,P513
P1472,P837
P896,P706
P467,P359
P1265,P531
P237,P425
P1101,P522
P947,P949
P93,P62
P202,P1192
P1049,P228
P1398,P1460
P236,P1229
P936,P58
P262,P1281
P708,P842
P1340,P1375
P1274,P1453
P354,P376
P602,P1206
P1010,P1365
P1174,P437
P1171,P97
P205,P1055
P167,P996
P1017,P823
P1127,P1248
P753,P849
P1424,P684
P1010,P1312
P1398,P365
P765,P1261
P720,P852
P970,P957
P751,P97
P276,P263
P680,P779
P1293,P1403
P1306,P1179
P1317,P1183
P1240,P151
P1394,P51
P1349,P503
P1445,P217
P430,P743
P620,P1286
P754,P1251
P1229,P209
P1273,P1469
P1475,P222
P652,P190
P188,P1411
P1160,P316
P420,P436
P1178,P353
P859,P775
P1078,P1219
P706,P1401
P772,P1313
P804,P1409
P1340,P1047
P297,P462
P1170,P546
P1084,P842
P704,P465
P585,P1336
P1487,P1037
P445,P1414
P441,P103
P1391,P282
P382,P655
P479,P1435
P1337,P1349
P946,P1129
P138,P625
P211,P830
P787,P854
P353,P1213
P443,P623
P241,P397
P612,P775
P654,P1481
P436,P552
P1319,P1105
P535,P1356
P686,P301
P952,P1144
P919,P1168
P334,P335
P315,P56
P377,P586
P401,P111
P751,P722
P39,P1475
P354,P614
P555,P807
P1325,P957
P377,P910
P555,P1477
P1281,P1110
P290,P610
P234,P686
P117,P1254
P343,P877
P131,P927
P645,P1433
P1206,P727
P462,P356
P719,P1437
P1450,P886
P1187,P56
P231,P1473
P1138,P1066
P71,P1412
P437,P1131
P1470,P96
P172,P171
P991,P1303
P1462,P751
P1340,P546
P72,P416
P580,P1460
P558,P1498
P236,P1241
P846,P702
P142,P813
P1070,P1483
P1326,P263
P1475,P577
P740,P1477
P94,P583
P927,P810
P237,P208
P406,P1276
P971,P637
P1270,P1109
P958,P270
P950,P339
P515,P194
P130,P1417
P805,P84
P511,P323
P134,P1450
P930,P243
P463,P1469
P152,P515
P158,P1377
P1270,P688
P676,P1251
P1205,P1123
P95,P573
P820,P1351
P219,P1159
P793,P1469
P930,P205
P350,P198
P899,P1486
P894,P158
P1497,P1441
P1456,P1035
P1494,P263
P1401,P996
P1170,P480
P430,P444
P1499,P634
P1392,P665
P1476,P780
P590,P360
P1189,P406
P637,P110
P1100,P48
P1358,P998
P1088,P1313
P597,P735
P1210,P1032
P815,P932
P813,P377
P1489,P1373
P965,P10
P814,P176
P560,P836
P207,P1029
P181,P1187
P431,P354
P1109,P190
P1496,P1143
P889,P777
P693,P520
P137,P113
P707,P773
P1277,P1468
P118,P706
P89,P981
P1122,P121
P1478,P780
P1083,P395
P1184,P290
P355,P639
P702,P372
P40,P196
P857,P1015
P297,P1250
P1498,P182
P1258,P103
P337,P796
P884,P204
P848,P1347
P821,P359
P806,P992
P1149,P315
P669,P1106
P872,P366
P1475,P1174
P164,P564
P659,P157
P553,P649
P676,P878
P795,P1431
P91,P1013
P1411,P1354
P678,P929
P901,P1392
P863,P103
P986,P1096
P745,P844
P549,P379
P772,P1466
P1369,P173
P54,P531
P80,P656
P675,P1272
P1145,P696
P1185,P1341
P551,P1257
P1221,P116
P136,P1244
P1089,P578
P1240,P1144
P845,P157
P452,P756
P34,P278
P1059,P610
P73,P1299
P1146,P89
P1128,P102
P33,P381
P656,P719
P18,P1181
P80,P309
P34,P837
P329,P1232
P1349,P1373
P730,P49
P1472,P860
P1285,P998
P924,P499
P182,P259
P279,P409
P999,P88
P170,P603
P421,P1173
P1202,P1485
P164,P1060
P294,P1298
P542,P1450
P1059,P1310
P1142,P732
P77,P619
P634,P6
P237,P1142
P456,P713
P902,P169
P1162,P793
P302,P1100
P464,P554
P944,P997
P398,P866
P983,P218
P45,P136
P1126,P29
P1421,P74
P760,P613
P257,P1
P1403,P628
P326,P502
P321,P1313
P277,P219
P945,P424
P21,P695
P477,P67
P794,P676
P941,P861
P287,P397
P740,P882
P532,P482
P285,P1297
P945,P996
P4,P227
P984,P863
P1157,P225
P1431,P956
P1233,P355
P90,P559
P1251,P914
P337,P118
P1498,P1032
P1051,P617
P1074,P771
P648,P1256
P357,P66
P846,P223
P805,P642
P1361,P513
P199,P1481
P57,P1365
P1466,P241
P956,P425
P21,P618
P152,P962
P1398,P273
P1286,P1307
P268,P176
P613,P1044
P179,P606
P512,P422
P548,P857
P217,P183
P1322,P824
P1463,P26
P2,P170
P1275,P1231
P706,P1181
P1447,P1105
P1053,P528
P1483,P823
P642,P523
P1192,P824
P1033,P620
P1132,P828
P864,P1355
P240,P493
P1384,P779
P66,P1293
P487,P626
P915,P1102
P265,P718
P1382,P501
P993,P548
P1149,P97
P340,P158
P164,P1233
P1163,P1233
P1221,P259
P1260,P1171
P1336,P110
P867,P1209
P260,P1434
P1069,P1051
P917,P22
P409,P652
P1026,P861
P1346,P296
P1453,P676
P859,P1432
P994,P983
P248,P1027
P1269,P282
P38,P1115
P205,P104
P1118,P757
P640,P849
P1108,P780
P841,P620
P265,P1497
P383,P1180
P1021,P510
P405,P746
P1083,P766
P418,P1141
P455,P1389
P1482,P858
P1225,P934
P1037,P69
P1307,P176
P947,P146
P702,P655
P991,P474
P1311,P1232
P438,P473
P1186,P243
P1239,P642
P755,P543
P1147,P694
P473,P109
P758,P821
P1459,P1476
P570,P296
P1036,P103
P1165,P782
P686,P1097
P957,P694
P1421,P986
P1324,P1351
P1335,P426
P296,P119
P499,P434
P312,P991
P93,P569
P426,P453
P666,P460
P6,P81
P1423,P727
P1254,P10
P986,P1394
P769,P124
P1441,P1243
P600,P210
P1489,P1124
P515,P469
P295,P498
P1440,P1181
P181,P1376
P1330,P1064
P538,P74
P135,P649
P149,P1456
P1460,P522
P615,P152
P1031,P1039
P290,P76
P1432,P1469
P1106,P1072
P1359,P824
P1006,P1350
P790,P402
P1212,P818
P1143,P535
P380,P271
P1379,P1161
P1449,P537
P29,P543
P960,P615
P1252,P72
P971,P1350
P1363,P594
P606,P230
P919,P365
P1240,P260
P990,P88
P539,P91
P52,P1417
P964,P1225
P888,P1356
P1340,P690
P1416,P1015
P261,P1319
P275,P57
P1383,P669
P800,P879
P1206,P244
P342,P1182
P1356,P235
P838,P825
P840,P541
P343,P1495
P291,P488
P86,P812
P748,P57
P389,P121
P690,P615
P977,P431
P949,P251
P1106,P1174
P395,P734
P196,P748
P1300,P420
P323,P242
P876,P611
P342,P991
P33,P788
P868,P562
P944,P383
P294,P939
P535,P1446
P1336,P679
P1071,P1260
P276,P1256
P713,P610
P504,P278
P274,P1380
P1193,P173
P306,P1119
P180,P1326
P426,P1482
P1184,P1220
P133,P657
P15,P767
P428,P490
P1091,P895
P909,P1071
P1196,P843
P937,P567
P1173,P164
P689,P1358
P1173,P1439
P1402,P1438
P300,P63
P535,P955
P1326,P1246
P502,P929
P1068,P1449
P710,P1219
P1084,P1286
P793,P1072
P473,P902
P950,P1238
P104,P1284
P1407,P1377
P138,P443
P530,P1450
P48,P1223
P877,P980
P270,P1106
P427,P749
P1270,P1162
P386,P162
P675,P1385
P213,P1194
P924,P818
P549,P1185
P968,P506
P810,P739
P1420,P985
P776,P870
P795,P574
P1070,P500
P763,P1153
P341,P661
P1362,P1436
P917,P859
P1424,P96
P1414,P243
P224,P419
P1375,P892
P1435,P593
P1060,P1320
P234,P1442
P75,P52
P181,P403
P1089,P114
P983,P255
P1190,P1196
P488,P528
P1022,P862
P1156,P679
P103,P773
P1008,P305
P1251,P538
P115,P752
P260,P797
P1168,P592
P1224,P751
P1260,P915
P592,P1361
P1167,P1102
P1032,P611
P780,P1230
P203,P858
P1028,P467
P1255,P111
P1176,P1095
P1014,P1352
P201,P1339
P1231,P813
P782,P841
P1401,P321
P695,P1494
P509,P478
P27,P858
P1422,P494
P886,P3
P1380,P504
P619,P1015
P781,P80
P527,P572
P1405,P374
P512,P723
P366,P951
P87,P721
P1327,P89
P699,P431
P502,P137
P1214,P63
P191,P892
P363,P703
P146,P580
P1195,P660
P1332,P312
P1293,P565
P502,P754
P1367,P63
P858,P1015
P1154,P776
P1114,P449
P254,P314
P533,P956
P863,P481
P1401,P1452
P658,P228
P1001,P563
P750,P1319
P864,P832
P1214,P815
P558,P983
P1177,P834
P502,P1448
P1058,P812
P607,P1159
P728,P1193
P1402,P169
P267,P566
P149,P746
P706,P332
P482,P757
P1294,P1057
P234,P704
P928,P1481
P1245,P1113
P1246,P84
P683,P1318
P505,P711
P882,P204
P741,P760
P677,P822
P674,P633
P483,P274
P19,P1423
P1499,P749
P884,P276
P137,P978
P512,P316
P833,P386
P655,P1439
P1140,P1101
P518,P359
P1384,P659
P316,P1388
P507,P154
P856,P1417
P1039,P1485
P26,P1469
P301,P106
P1260,P1376
P1018,P1
P1044,P1182
P674,P1329
P1217,P315
P1366,P958
P1058,P430
P1326,P662
P1055,P23
P475,P1095
P971,P19
P1135,P453
P1250,P712
P1394,P177
P378,P1362
P304,P1482
P214,P675
P917,P585
P1192,P1259
P200,P455
P540,P43
P1017,P35
P578,P818
P25,P481
P605,P932
P154,P5
P1045,P1054
P1422,P1145
P352,P657
P501,P723
P7,P229
P193,P1268
P585,P500
P317,P1042
P615,P94
P1026,P65
P382,P1348
P723,P1195
P547,P732
P1217,P24
P117,P1174
P246,P935
P1090,P1183
P1149,P448
P1460,P1068
P1469,P899
P583,P511
P759,P1192
P286,P150
P227,P655
P1491,P668
P1068,P1171
P1399,P1018
P684,P1154
P430,P1475
P763,P774
P403,P1213
P197,P90
P1002,P469
P296,P771
P434,P1440
P45,P1374
P403,P1423
P704,P48
P815,P100
P187,P242
P177,P1207
P314,P1340
P740,P505
P1233,P126
P468,P979
P1092,P1243
P815,P979
P1041,P180
P422,P406
P38,P510
P1169,P826
P327,P422
P447,P137
P100,P643
P1483,P1477
P915,P1222
P135,P575
P623,P1393
P65,P440
P23,P339
P818,P1396
P1416,P1451
P244,P1002
P1420,P633
P1030,P1493
P1093,P1334
P864,P160
P766,P184
P106,P842
P1190,P1199
P1071,P622
P784,P1313
P1082,P389
P304,P1464
P673,P605
P550,P1313
P23,P444
P1106,P206
P812,P903
P1437,P85
P1312,P1309
P1302,P624
P461,P503
P1245,P93
P887,P1195
P1099,P1457
P1238,P102
P842,P1363
P558,P863
P1178,P1016
P1418,P896
P997,P1399
P1475,P678
P83,P60
P672,P763
P1190,P1084
P1415,P313
P891,P508
P93,P857
P513,P367
P1210,P554
P355,P1036
P631,P227
P1281,P283
P235,P1294
P1259,P465
P749,P1378
P357,P1118
P742,P532
P674,P452
P690,P1181
P643,P1352
P863,P1128
P311,P56
P908,P347
P762,P234
P781,P18
P110,P1089
P729,P1200
P1123,P415
P805,P910
P1243,P474
P631,P547
P302,P1400
P285,P183
P1170,P57
P1380,P466
P610,P751
P1396,P178
P1355,P1041
P1067,P1344
P608,P1151
P1348,P812
P835,P303
P1405,P1266
P799,P1177
P778,P595
P501,P913
P291,P247
P16,P895
P229,P1251
P165,P1357
P1005,P248
P170,P222
P50,P1387
P433,P1238
P1096,P359
P193,P345
P557,P164
P1178,P973
P355,P541
P1252,P1187
P1404,P247
P634,P1497
P625,P427
P1043,P229
P283,P761
P1136,P549
P1486,P95
P1414,P701
P511,P1060
P22,P897
P851,P270
P695,P706
P155,P499
P289,P987
P1112,P1120
P17,P447
P928,P1447
P504,P142
P1477,P770
P933,P613
P327,P1064
P1360,P1089
P101,P1413
P1491,P769
P1053,P407
P87,P469
P1057,P889
P423,P1132
P612,P1496
P1354,P436
P452,P49
P1478,P1485
P1158,P922
P186,P255
P787,P540
P1045,P755
P58,P570
P1355,P1229
P1315,P1268
P307,P578
P524,P76
P283,P1212
P1451,P610
P1361,P106
P1080,P675
P246,P1144
P21,P1363
P579,P90
P524,P444
P1016,P1088
P55,P845
P142,P1465
P1452,P1192
P1263,P14
P540,P1059
P886,P1002
P314,P1138
P552,P448
P689,P107
P1015,P235
P1416,P1107
P1427,P553
P1253,P826
P1068,P1231
P428,P1486
P351,P243
P484,P1451
P103,P173
P878,P909
P816,P114
P205,P421
P97,P245
P320,P47
P162,P1447
P739,P296
P18,P1240
P417,P1188
P706,P1020
P576,P1453
P1318,P506
P877,P1185
P622,P151
P834,P1146
P161,P484
P471,P666
P1049,P103
P706,P931
P85,P346
P1429,P17
P498,P1291
P906,P608
P837,P353
P1379,P958
P66,P3
P581,P580
P1046,P907
P196,P1344
P1080,P448
P392,P1070
P190,P612
P117,P1302
P1213,P269
P1307,P1484
P396,P549
P1162,P853
P1179,P1060
P282,P704
P28,P560
P672,P735
P459,P1007
P977,P1093
P882,P186
P1050,P1206
P613,P488
P1015,P338
P120,P1128
P1296,P876
P509,P733
P101,P1475
P113,P727
P1017,P1156
P365,P1084
P76,P270
P275,P192
P617,P649
P786,P676
P345,P1480
P182,P1190
P179,P1382
P203,P909
P77,P317
P68,P733
P654,P680
P915,P1427
P1171,P677
P1302,P688
P1249,P1482
P163,P290
P804,P635
P1115,P954
P3,P111
P783,P12
P76,P662
P684,P181
P516,P323
P809,P597
P751,P794
P914,P942
P1138,P1250
P797,P455
P965,P1328
P377,P1224
P822,P276
P715,P1395
P377,P648
P612,P388
P1347,P1009
P491,P1320
P844,P969
P316,P503
P1196,P112
P1486,P145
P903,P1085
P1366,P277
P884,P335
P331,P699
P1036,P689
P934,P532
P1176,P7
P1053,P398
P1073,P286
P757,P1422
P968,P396
P27,P97
P1492,P128
P1470,P1362
P1301,P1327
P487,P1329
P8,P635
P1105,P690
P1084,P1397
P1414,P131
P1142,P1014
P351,P1352
P466,P388
P1383,P872
P97,P744
P38,P1251
P1024,P158
P205,P190
P1474,P747
P1316,P35
P1354,P1271
P1223,P860
P607,P52
P671,P697
P378,P95
P313,P465
P1482,P907
P972,P393
P328,P1173
P938,P404
P403,P1281
P845,P706
P157,P225
P295,P1483
P945,P740
P730,P1187
P365,P441
P433,P45
P1460,P412
P9,P1472
P378,P1390
P467,P516
P298,P199
P233,P1345
P594,P1380
P957,P1243
P95,P497
P1221,P1205
P662,P1441
P1209,P1106
P447,P1392
P182,P309
P1211,P1219
P20,P1025
P52,P544
P837,P1250
P266,P272
P1249,P46
P1095,P1092
P120,P798
P346,P394
P375,P1266
P780,P1343
P1301,P841
P270,P1075
P1128,P1234
P305,P499
P949,P496
P572,P782
P364,P1043
P215,P1101
P1214,P921
P1170,P1399
P943,P15
P716,P1132
P554,P920
P297,P1133
P230,P172
P779,P540
P296,P1237
P690,P804
P785,P943
P858,P1223
P984,P638
P574,P132
P1451,P431
P1103,P1174
P1448,P1219
P807,P314
P205,P726
P994,P1239
P1411,P1
P620,P1134
P399,P589
P438,P332
P202,P700
P1117,P473
P456,P1052
P15,P1429
P1135,P471
P880,P565
P935,P582
P1323,P96
P1481,P817
P736,P674
P1278,P1117
P1044,P968
P209,P976
P1486,P1472
P332,P1153
P911,P840
P1409,P1091
P1032,P736
P812,P387
P1175,P359
P1035,P1071
P234,P425
P1050,P1354
P588,P1148
P1122,P113
P1149,P491
P1192,P1430
P1037,P876
P1179,P1326
P156,P1408
P1162,P155
P352,P830
P225,P136
P184,P1325
P1418,P252
P14,P344
P542,P1189
P105,P812
P155,P584
P84,P1340
P65,P396
P1202,P1443
P435,P56
P1277,P1054
P1410,P412
P1464,P1111
P1402,P494
P628,P502
P891,P1320
P1096,P865
P1252,P1085
P646,P940
P1316,P348
P182,P787
P191,P1160
P1161,P1306
P1486,P925
P654,P765
P821,P257
P858,P670
P1179,P974
P558,P557
P139,P904
P957,P391
P585,P1029
P1236,P377
P1416,P341
P1254,P642
P68,P215
P826,P1297
P1452,P1077
P632,P1228
P800,P1413
P601,P965
P974,P403
P1416,P1008
P875,P1240
P1463,P825
P1106,P401
P1463,P1127
P1453,P1330
P11,P775
P159,P851
P949,P1357
P632,P990
P387,P1371
P184,P990
P1363,P618
P1176,P640
P731,P136
P998,P922
P169,P291
P253,P209
P327,P459
P938,P1435
P1252,P458
P827,P538
P391,P835
P1104,P663
P736,P709
P681,P1067
P1154,P1498
P1366,P31
P1326,P455
P1119,P52
P734,P1265
P1113,P886
P4,P916
P1110,P1031
P1323,P1406
P1110,P1451
P1275,P535
P742,P976
P487,P1480
P1248,P2
P174,P79
P147,P490
P327,P1185
P78,P1208
P912,P211
P25,P74
P1027,P1025
P1359,P531
P69,P109
P973,P725
P169,P288
P1401,P1177
P918,P211
P994,P1259
P511,P172
P1290,P702
P1084,P1023
P1328,P1498
P491,P507
P1043,P1015
P693,P574
P662,P1049
P1434,P150
P99,P417
P1158,P393
P1307,P823
P354,P1043
P860,P998
P1058,P88
P425,P863
P397,P1246
P823,P1387
P40,P956
P942,P823
P313,P113
P425,P940
P1322,P168
P566,P1067
P689,P152
P671,P850
P248,P1265
P1220,P174
P712,P335
P364,P1139
P1328,P1386
P562,P1363
P848,P531
P88,P1352
P433,P1077
P950,P224
P537,P565
P1073,P745
P1103,P83
P1332,P775
P1476,P583
P461,P43
P510,P598
P806,P1146
P46,P1097
P1205,P532
P1344,P8
P815,P1442
P294,P532
P501,P1245
P1330,P1345
P355,P722
P1495,P1251
P1122,P302
P697,P1298
P1399,P371
P1225,P1018
P915,P190
P1163,P854
P601,P465
P21,P670
P1476,P1228
P773,P976
P1037,P1356
P1457,P103
P685,P1069
P1027,P797
P617,P80
P550,P1285
P1435,P1328
P1460,P641
P1359,P147
P832,P322
P1289,P1105
P31,P10
P561,P1368
P1358,P1311
P726,P462
P374,P1220
P339,P1229
P243,P566
P56,P812
P53,P1408
P546,P1168
P754,P1350
P753,P667
P280,P1036
P877,P354
P794,P1400
P617,P476
P422,P777
P925,P1175
P449,P1299
P643,P30
P1259,P676
P54,P439
P287,P1342
P103,P806
P1199,P132
P320,P845
P1216,P673
P877,P1021
P476,P64
P335,P128
P842,P113
P51,P1049
P1108,P1253
P1396,P652
P946,P330
P497,P769
P1139,P848
P820,P1495
P655,P435
P49,P615
P907,P1209
P31,P138
P265,P465
P1299,P1181
P235,P975
P372,P332
P660,P113
P133,P513
P1364,P1426
P442,P1274
P1051,P1220
P1305,P859
P106,P1335
P8,P1272
P334,P1184
P651,P1366
P1299,P1149
P92,P1118
P1326,P1039
P392,P1302
P60,P294
P1365,P135
P1359,P1258
P347,P309
P669,P62
P1487,P1301
P1127,P1413
P559,P690
P200,P469
P706,P831
P125,P83
P738,P1216
P354,P384
P988,P1346
P1163,P167
P890,P970
P270,P96
P973,P25
P988,P212
P943,P840
P382,P302
P570,P124
P1019,P841
P527,P781
P897,P1336
P1252,P1082
P205,P353
P1026,P819
P209,P689
P293,P257
P661,P1231
P611,P280
P840,P931
P1157,P1253
P1436,P324
P1489,P942
P835,P779
P436,P609
P226,P726
P1434,P440
P1315,P595
P1179,P1488
P354,P859
P175,P1107
P380,P193
P505,P1003
P173,P919
P521,P562
P1390,P1016
P648,P867
P416,P1239
P646,P381
P443,P794
P566,P827
P900,P1100
P209,P505
P1192,P1311
P1206,P697
P78,P1213
P373,P478
P777,P121
P1071,P446
P1113,P417
P799,P52
P256,P1248
P1224,P474
P547,P591
P558,P902
P155,P541
P1343,P445
P71,P191
P962,P814
P1300,P296
P1006,P780
P700,P890
P965,P586
P413,P1084
P1406,P750
P886,P1017
P24,P314
P7,P511
P1254,P249
P456,P885
P294,P1240
P280,P489
P911,P514
P1159,P424
P1334,P377
P57,P1292
P1127,P186
P960,P608
P58,P682
P659,P323
P970,P485
P551,P1149
P352,P823
P448,P1022
P237,P1029
P1449,P796
P632,P1029
P80,P425
P1482,P300
P357,P1022
P710,P114
P821,P263
P1199,P788
P93,P654
P700,P380
P35,P1262
P1422,P1099
P1011,P884
P185,P583
P773,P48
P583,P980
P949,P102
P956,P1353
P582,P27
P181,P593
P1010,P870
P933,P435
P1262,P1389
P1440,P1429
P395,P1434
P1271,P646
P63,P393
P372,P919
P1132,P142
P374,P1403
P36,P960
P1137,P295
P64,P232
P1323,P890
P1312,P969
P1110,P363
P612,P677
P684,P449
P458,P47
P1244,P1034
P493,P479
P469,P278
P592,P550
P1405,P980
P290,P833
P491,P1317
P22,P290
P178,P1122
P1070,P102
P52,P1128
P1144,P1386
P137,P1396
P1094,P1429
P1031,P334
P1445,P1210
P990,P618
P1006,P672
P1119,P839
P834,P1106
P850,P783
P1472,P1269
P986,P1186
P41,P1412
P574,P777
P403,P331
P8,P551
P1293,P152
P889,P641
P276,P889
P519,P1090
P920,P95
P1426,P1007
P1317,P1032
P50,P645
P669,P173
P1303,P956
P1349,P1426
P479,P205
P1229,P186
P1262,P591
P438,P783
P164,P1309
P112,P1429
P217,P786
P575,P1339
P688,P856
P894,P1254
P476,P664
P615,P598
P985,P704
P797,P50
P760,P210
P1080,P1218
P1199,P78
P455,P1403
P546,P363
P444,P911
P1198,P197
P821,P1215
P123,P200
P1332,P169
P835,P94
P112,P1227
P96,P473
P809,P41
P352,P1324
P354,P1305
P72,P8
P1023,P618
P1099,P425
P905,P129
P589,P745
P286,P194
P413,P10
P40,P568
P771,P1265
P585,P675
P1119,P1330
P803,P390
P738,P897
P193,P515
P935,P748
P1289,P462
P275,P554
P543,P1401
P681,P1127
P667,P622
P1157,P182
P747,P1307
P921,P483
P1038,P1168
P910,P27
P469,P96
P1341,P1346
P58,P153
P1117,P262
P259,P552
P1098,P569
P170,P674
P1167,P931
P136,P1133
P463,P214
P1204,P504
P802,P1072
P748,P278
P1002,P511
P810,P6
P1082,P1030
P1363,P644
P1120,P510
P1042,P1357
P1400,P1425
P160,P761
P369,P319
P326,P774
P1185,P924
P1137,P516
P1141,P140
P993,P1180
P1251,P858
P165,P1200
P1290,P121
P1362,P1481
P1436,P21
P877,P697
P1059,P200
P862,P841
P265,P764
P306,P1215
P833,P139
P1471,P550
P942,P253
P1292,P1150
P132,P1052
P459,P563
P789,P388
P270,P251
P202,P482
P1456,P979
P1200,P1002
P1395,P1394
P138,P519
P931,P263
P73,P529
P1112,P387
P1022,P302
P1109,P591
P284,P150
P1428,P782
P708,P878
P839,P544
P326,P1193
P1494,P1360
P1231,P1407
P862,P1458
P1184,P590
P1364,P505
P707,P1475
P799,P407
P732,P313
P958,P1426
P1099,P1093
P999,P582
P227,P309
P143,P32
P375,P862
P764,P996
P1176,P121
P414,P1171
P723,P1075
P916,P353
P1361,P102
P1017,P1174
P1010,P921
P681,P506
P452,P638
P806,P1094
P1213,P650
P624,P381
P1379,P1321
P980,P58
P15,P153
P688,P1311
P543,P1119
P671,P1375
P688,P1432
P701,P1025
P756,P302
P191,P673
P361,P1013
P1237,P1282
P1316,P172
P955,P1473
P343,P662
P264,P1212
P1417,P475
P365,P167
P829,P1097
P198,P687
P175,P113
P745,P476
P1070,P1194
P1204,P1178
P206,P662
P604,P301
P615,P216
P1148,P1172
P1220,P949
P288,P178
P437,P454
P351,P831
P66,P1218
P568,P613
P661,P841
P880,P677
P1236,P1384
P47,P1144
P1020,P736
P1057,P798
P798,P24
P1498,P1007
P896,P669
P926,P1041
P519,P930
P1103,P1322
P133,P760
P944,P892
P1202,P860
P575,P955
P3,P288
P608,P24
P463,P363
P730,P343
P143,P1373
P615,P1134
P25,P452
P663,P918
P1298,P686
P730,P871
P1360,P818
P523,P981
P937,P828
P945,P244
P480,P1213
P1163,P1198
P1405,P1162
P36,P1158
P377,P125
P443,P815
P1135,P697
P757,P449
P343,P983
P860,P428
P413,P936
P610,P1325
P220,P657
P950,P956
P89,P866
P427,P294
P111,P1407
P256,P105
P957,P105
P556,P868
P19,P487
P655,P476
P1120,P818
P1260,P190
P50,P585
P547,P1279
P57,P495
P533,P623
P760,P1216
P208,P1049
P897,P558
P1359,P1357
P438,P677
P1306,P661
P63,P1033
P1244,P760
P1431,P171
P312,P1408
P431,P1407
P232,P579
P382,P333
P522,P658
P1472,P829
P297,P1099
P979,P587
P1472,P337
P1390,P341
P1069,P545
P735,P1066
P981,P817
P1018,P639
P654,P405
P143,P1230
P1387,P713
P85,P884
P1438,P558
P307,P449
P1393,P1225
P547,P758
P1264,P1039
P852,P1034
P574,P11
P433,P503
P1037,P308
P93,P301
P440,P731
P345,P880
P1128,P1313
P1017,P180
P2,P1140
P903,P935
P668,P621
P280,P1204
P664,P985
P1050,P570
P1477,P1261
P933,P1333
P743,P1187
P806,P1497
P345,P615
P988,P599
P792,P1247
P645,P12
P132,P1470
P1288,P530
P1322,P1354
P1128,P13
P866,P749
P365,P1226
P671,P1493
P171,P141
P881,P820
P207,P322
P386,P600
P1396,P774
P1328,P661
P125,P865
P1444,P1257
P1187,P802
P178,P1013
P497,P1070
P325,P1116
P864,P247
P750,P510
P537,P982
P1394,P257
P388,P178
P409,P739
P1044,P341
P1002,P740
P335,P1253
P1420,P573
P1233,P1180
P606,P723
P435,P937
P470,P1170
P649,P1227
P195,P1443
P1092,P901
P377,P1314
P793,P803
P1462,P1496
P379,P153
P1467,P932
P972,P654
P1096,P1274
P688,P97
P1351,P538
P96,P730
P1359,P368
P1178,P450
P88,P765
P118,P1065
P196,P546
P1423,P1195
P535,P734
P71,P687
P654,P586
P371,P359
P653,P908
P1293,P973
P440,P232
P442,P528
P383,P529
P571,P998
P1375,P367
P1328,P1318
P206,P1391
P22,P88
P807,P349
P1282,P420
P686,P84
P885,P447
P1219,P41
P338,P121
P1422,P425
P854,P629
P310,P1368
P427,P9
P503,P429
P822,P522
P1358,P209
P1324,P773
P246,P52
P1264,P697
P1219,P96
P778,P1404
P352,P433
P555,P319
P556,P591
P1459,P1042
P861,P286
P1368,P543
P794,P1134
P1416,P355
P872,P1350
P839,P1114
P1101,P1452
P806,P583
P763,P1224
P780,P1227
P766,P1473
P255,P1257
P618,P942
P1059,P1055
P211,P778
P259,P444
P849,P478
P1328,P700
P1305,P887
P1317,P1075
P1239,P864
P1440,P1100
P1451,P1003
P1438,P211
P1018,P733
P757,P1045
P911,P1284
P1155,P902
P956,P1196
P515,P614
P1278,P601
P1058,P889
P918,P789
P661,P256
P269,P298
P874,P1415
P720,P1351
P65,P1061
P796,P502
P816,P1230
P1374,P868
P27,P107
P748,P300
P1167,P107
P344,P1421
P24,P47
P587,P347
P1275,P543
P897,P1176
P1388,P1274
P1226,P1107
P446,P923
P130,P1295
P131,P906
P1062,P1460
P482,P285
P878,P81
P1152,P59
P747,P20
P1447,P184
P1127,P1305
P270,P1219
P257,P882
P1077,P1256
P1446,P1388
P835,P998
P1316,P1303
P358,P496
P1438,P1176
P622,P951
P816,P1493
P92,P796
P644,P393
P241,P182
P992,P234
P1146,P1298
P140,P290
P1245,P931
P1066,P46
P960,P689
P419,P631
P341,P1227
P261,P1163
P378,P886
P1111,P1173
P594,P415
P646,P549
P776,P240
P1187,P1245
P1391,P370
P396,P1050
P1054,P147
P108,P1249
P1114,P783
P1413,P1456
P127,P5
P791,P1257
P1334,P786
P13,P1002
P1303,P1059
P851,P217
P157,P920
P596,P500
P452,P1298
P1025,P696
P328,P1367
P661,P730
P1207,P1104
P449,P521
P1362,P737
P6,P805
P270,P377
P137,P833
P139,P566
P334,P167
P1360,P1036
P208,P832
P480,P170
P316,P767
P1471,P1187
P1484,P1337
P335,P579
P593,P1194
P760,P91
P272,P1333
P1336,P985
P467,P615
P1446,P941
P173,P1169
P938,P623
P806,P944
P1433,P1262
P1402,P1038
P972,P927
P47,P822
P1309,P485
P416,P1325
P290,P264
P1451,P823
P877,P1123
P1463,P1187
P59,P980
P1465,P465
P1235,P1140
P1101,P565
P405,P520
P397,P1115
P772,P300
P1421,P455
P45,P340
P974,P1425
P1382,P778
P956,P1208
P416,P237
P1009,P368
P1387,P1442
P1134,P100
P1183,P1234
P33,P67
P205,P1100
P633,P438
P834,P111
P322,P714
P1011,P370
P624,P1393
P295,P414
P855,P172
P590,P502
P52,P220
P753,P1052
P397,P1435
P446,P1308
P921,P879
P1491,P781
P1271,P840
P1333,P91
P901,P162
P1223,P912
P126,P1286
P1339,P971
P1090,P1391
P725,P1451
P879,P1125
P729,P1059
P1478,P278
P919,P587
P107,P940
P281,P38
P555,P929
P327,P555
P1216,P859
P898,P816
P815,P551
P83,P1198
P725,P266
P1498,P459
P1055,P1416
P1473,P1117
P606,P322
P683,P1226
P681,P1435
P627,P958
P456,P760
P1301,P1194
P272,P371
P1204,P248
P106,P73
P905,P776
P998,P830
P249,P506
P550,P1479
P376,P613
P253,P929
P35,P1323
P1284,P1201
P1315,P16
P13,P443
P444,P1389
P116,P74
P261,P473
P80,P1488
P615,P409
P137,P423
P860,P413
P281,P646
P823,P1202
P839,P1309
P455,P1184
P896,P930
P1285,P726
P1265,P696
P1384,P1328
P899,P496
P473,P251
P943,P713
P925,P745
P940,P14
P614,P282
P1153,P1434
P1017,P866
P1394,P993
P98,P1263
P986,P289
P466,P786
P991,P244
P1173,P617
P239,P1
P1398,P1399
P721,P1009
P626,P1342
P599,P1031
P1182,P1087
P1397,P664
P522,P326
P711,P1156
P897,P1102
P757,P192
P716,P249
P271,P915
P726,P220
P596,P828
P675,P1205
P442,P520
P627,P808
P697,P1101
P293,P1377
P1137,P891
P1207,P52
P881,P922
P733,P51
P980,P139
P541,P1213
P1108,P352
P209,P516
P331,P1067
P1358,P895
P970,P653
P788,P151
P323,P310
P833,P1376
P126,P338
P845,P468
P1028,P1163
P322,P412
P549,P148
P1362,P669
P1176,P205
P746,P1288
P370,P120
P501,P949
P677,P1023
P35,P1467
P921,P29
P1477,P40
P1469,P927
P922,P385
P1317,P336
P1264,P1113
P354,P681
P584,P464
P638,P1304
P934,P101
P984,P352
P288,P691
P1074,P481
P704,P423
P476,P1309
P520,P648
P752,P764
P872,P1201
P722,P1351
P442,P419
P1415,P1079
P606,P600
P481,P304
P1324,P27
P974,P577
P1352,P1187
P1179,P844
P1200,P1442
P1211,P945
P82,P1318
P668,P1148
P194,P461
P1232,P135
P691,P1282
P371,P86
P1148,P1120
P395,P507
P528,P560
P532,P942
P1380,P1019
P1440,P363
P889,P218
P1176,P289
P1052,P86
P1422,P1345
P1387,P34
P709,P1157
P1202,P589
P846,P759
P1212,P879
P122,P517
P742,P977
P61,P1358
P683,P806
P1148,P1373
P1497,P250
P900,P1125
P508,P442
P1353,P1120
P1276,P1124
P802,P1282
P948,P847
P758,P824
P370,P411
P293,P662
P333,P309
P392,P265
P936,P834
P1242,P639
P796,P771
P1135,P718
P1131,P304
P375,P1110
P197,P629
P1170,P461
P1164,P381
P1133,P593
P338,P571
P719,P191
P1203,P598
P638,P654
P884,P493
P343,P13
P774,P763
P874,P87
P34,P193
P873,P1012
P365,P1384
P494,P159
P406,P155
P97,P1325
P342,P742
P358,P289
P1040,P1011
P764,P209
P497,P1302
P291,P184
P1268,P647
P1156,P145
P1210,P438
P1136,P1148
P1402,P611
P1279,P1404
P61,P834
P911,P1094
P714,P1065
P1438,P373
P281,P1382
P1472,P1123
P1088,P447
P481,P161
P1064,P271
P1494,P287
P1162,P544
P606,P761
P1389,P1148
P1263,P548
P1342,P1307
P688,P67
P897,P489
P1479,P463
P984,P735
P1118,P892
P1065,P812
P1180,P969
P173,P401
P1487,P1323
P409,P1489
P299,P338
P1341,P813
P1077,P338
P1207,P1273
P42,P482
P10,P984
P685,P1153
P893,P192
P197,P788
P538,P1447
P262,P402
P289,P1465
P410,P114
P1238,P998
P317,P259
P847,P181
P768,P389
P1270,P1103
P326,P792
P1453,P1230
P1080,P1087
P1458,P875
P21,P651
P1354,P1019
P509,P670
P129,P657
P1205,P938
P497,P976
P280,P860
P1399,P1492
P283,P687
P893,P537
P56,P736
P1468,P571
P1479,P471
P907,P324
P218,P1093
P963,P1258
P1272,P1299
P311,P870
P818,P716
P1418,P105
P478,P631
P223,P1456
P872,P528
P1237,P257
P1259,P154
P1343,P1470
P843,P125
P1270,P1095
P500,P1314
P905,P994
P1025,P690
P1443,P237
P786,P609
P724,P496
P996,P775
P423,P370
P1247,P1028
P777,P995
P120,P63
P216,P912
P21,P471
P637,P645
P1405,P298
P791,P1275
P395,P1390
P558,P389
P1328,P134
P654,P263
P596,P256
P403,P51
P1432,P768
P170,P9
P659,P1294
P499,P194
P590,P1259
P1356,P1084
P556,P1359
P1169,P861
P413,P59
P550,P345
P876,P763
P1193,P545
P212,P563
P1157,P387
P590,P174
P1375,P283
P259,P917
P297,P972
P608,P257
P429,P743
P186,P348
P501,P477
P1062,P1386
P1381,P385
P733,P451
P188,P1181
P1417,P1357
P1026,P1159
P505,P705
P522,P964
P367,P1483
P892,P1113
P726,P196
P891,P742
P1072,P175
P435,P1464
P1258,P848
P701,P506
P948,P1498
P789,P1234
P431,P942
P967,P41
P1148,P871
P198,P8
P35,P1079
P1447,P988
P1237,P443
P1208,P956
P683,P1268
P166,P1198
P978,P559
P773,P1400
P51,P1424
P1371,P9
P535,P1273
P272,P328
P248,P1472
P1280,P1399
P248,P1008
P469,P110
P324,P62
P732,P122
P486,P1309
P212,P633
P395,P588
P592,P939
P1111,P544
P1463,P1102
P444,P78
P292,P328
P1012,P209
P749,P1366
P231,P842
P570,P619
P1256,P815
P485,P1306
P659,P312
P1085,P1151
P1490,P448
P894,P976
P1407,P909
P835,P867
P1138,P1323
P1015,P1029
P696,P199
P100,P68
P765,P6
P1287,P1421
P1301,P614
P134,P689
P28,P76
P644,P317
P1438,P1311
P140,P871
P288,P1227
P218,P1245
P656,P258
P232,P971
P1077,P1317
P795,P319
P392,P341
P84,P785
P796,P149
P485,P260
P238,P417
P528,P1278
P215,P1291
P125,P1269
P486,P674
P447,P1029
P356,P65
P1200,P316
P1146,P1249
P144,P1170
P289,P774
P316,P359
P873,P101
P1046,P519
P1336,P736
P465,P70
P754,P1470
P1447,P245
P920,P2
P1083,P848
P996,P373
P1200,P271
P990,P1009
P861,P1480
P1491,P77
P769,P1178
P1495,P439
P135,P530
P1261,P946
P878,P94
P1300,P1348
P532,P319
P1146,P720
P353,P87
P1017,P1004
P1167,P1183
P477,P437
P1379,P260
P823,P1399
P567,P823
P322,P576
P1367,P61
P730,P1194
P745,P580
P1426,P1111
P1394,P1333
P1364,P85
P913,P81
P788,P497
P918,P931
P1265,P1345
P1196,P738
P1332,P491
P1488,P1084
P820,P313
P470,P293
P192,P1075
P857,P172
P1153,P1428
P372,P1315
P798,P1350
P1007,P1104
P1402,P588
P426,P188
P1092,P551
P356,P93
P1334,P643
P444,P1023
P311,P1056
P657,P820
P740,P1087
P1078,P1059
P1046,P553
P206,P817
P2,P1036
P868,P639
P797,P907
P1095,P617
P836,P410
P796,P253
P140,P1465
P174,P924
P411,P1423
P1300,P1341
P869,P912
P628,P634
P437,P1492
P665,P220
P311,P1212
P20,P585
P299,P404
P280,P491
P1246,P506
P188,P140
P522,P1495
P974,P1177
P1336,P1059
P1437,P801
P745,P1457
P315,P833
P936,P942
P1018,P537
P1289,P979
P1195,P887
P1088,P1017
P472,P285
P1493,P196
P62,P1094
P867,P63
P48,P833
P257,P1348
P841,P235
P951,P420
P310,P407
P1093,P1274
P3,P912
P56,P513
P642,P1034
P456,P1153
P878,P69
P1247,P1459
P204,P995
P72,P407
P272,P1093
P1483,P626
P91,P319
P431,P1159
P326,P377
P1229,P228
P56,P1324
P1110,P495
P227,P635
P764,P142
P379,P400
P32,P648
P693,P726
P1352,P604
P1126,P1199
P952,P1074
P1322,P1498
P547,P871
P1201,P1123
P708,P1165
P843,P639
P88,P581
P46,P1277
P1184,P54
P1007,P1357
P790,P712
P1227,P1447
P327,P795
P1476,P543
P1353,P1313
P1472,P506
P1205,P1002
P17,P103
P797,P675
P171,P1300
P350,P328
P977,P1364
P1139,P1055
P499,P766
P945,P1229
P107,P1431
P505,P1370
P654,P453
P736,P1197
P1103,P302
P1170,P1215
P259,P1062
P590,P239
P960,P1108
P1481,P773
P1301,P879
P1192,P1379
P364,P296
P793,P378
P931,P1470
P554,P38
P407,P498
P379,P808
P767,P103
P1072,P806
P193,P829
P123,P205
P1484,P638
P251,P54
P395,P45
P588,P1121
P660,P1021
P1436,P1224
P687,P1326
P462,P149
P841,P1155
P48,P527
P106,P175
P745,P861
P625,P801
P223,P1432
P35,P425
P524,P1027
P1408,P1266
P578,P1224
P578,P456
P378,P698
P399,P420
P1136,P676
P90,P104
P1199,P70
P12,P684
P1273,P261
P41,P279
P1444,P306
P1369,P478
P984,P953
P593,P29
P482,P532
P1039,P1011
P441,P918
P1006,P939
P215,P170
P703,P1230
P484,P13
P1338,P2
P1256,P682
P658,P926
P447,P679
P725,P1229
P1310,P94
P804,P1371
P984,P783
P1236,P1246
P320,P271
P549,P721
P213,P1055
P1432,P120
P765,P430
P1433,P157
P417,P36
P280,P570
P1340,P756
P1255,P1010
P891,P1228
P943,P137
P685,P1050
P309,P949
P1111,P765
P1110,P425
P213,P458
P1471,P1403
P1071,P206
P892,P223
P585,P816
P268,P778
P608,P376
P878,P514
P744,P831
P259,P6
P1034,P1198
P1258,P1212
P795,P195
P636,P564
P371,P926
P1481,P1468
P1091,P1220
P749,P960
P1446,P308
P550,P260
P854,P894
P517,P947
P986,P942
P1356,P1174
P1304,P853
P124,P1309
P991,P526
P165,P533
P445,P280
P1138,P809
P1135,P1465
P821,P143
P1109,P566
P1170,P569
P1098,P984
P262,P1473
P735,P1159
P1050,P1317
P1067,P500
P611,P333
P912,P890
P278,P1290
P180,P351
P532,P195
P465,P231
P1387,P519
P1135,P769
P5,P293
P1007,P673
P1447,P546
P486,P1268
P416,P243
P1295,P88
P255,P517
P519,P1108
P146,P1401
P892,P1036
P41,P503
P923,P1399
P575,P782
P51,P475
P1319,P793
P908,P1443
P537,P553
P238,P468
P1493,P713
P700,P303
P249,P1483
P1309,P401
P1347,P197
P1407,P960
P1348,P293
P707,P1272
P907,P465
P856,P1457
P1189,P678
P1127,P404
P819,P927
P429,P328
P311,P72
P192,P178
P646,P470
P23,P1447
P652,P1095
P574,P540
P653,P515
P1216,P228
P1326,P1050
P575,P1251
P700,P945
P248,P1201
P438,P1260
P341,P1133
P1266,P211
P910,P234
P1411,P1138
P312,P603
P63,P1477
P825,P21
P288,P1348
P1119,P1347
P786,P191
P186,P770
P1054,P136
P1339,P741
P642,P372
P851,P262
P404,P87
P893,P1012
P370,P1093
P317,P1126
P786,P828
P378,P374
P645,P1432
P677,P893
P319,P1078
P130,P864
P589,P1089
P166,P54
P946,P53
P13,P711
P1107,P26
P1165,P1413
P748,P1185
P504,P433
P357,P1283
P17,P680
P184,P1482
P42,P180
P1168,P147
P357,P112
P1441,P1303
P350,P1150
P1288,P247
P912,P25
P1118,P906
P1425,P657
P881,P328
P233,P1267
P993,P1177
P1179,P1316
P115,P1335
P1175,P221
P120,P117
P618,P1000
P720,P1432
P60,P502
P1480,P78
P1387,P918
P446,P1414
P677,P115
P1434,P230
P77,P41
P1289,P1434
P538,P702
P616,P961
P1149,P891
P1214,P243
P790,P899
P310,P114
P1268,P812
P655,P1172
P1328,P584
P741,P108
P98,P590
P892,P373
P1206,P735
P760,P479
P67,P512
P963,P908
P230,P783
P137,P594
P456,P92
P1217,P1344
P1098,P758
P635,P262
P1456,P1087
P919,P1261
P1043,P210
P455,P934
P135,P634
P1402,P1294
P1204,P594
P9,P232
P909,P855
P624,P705
P566,P680
P497,P821
P911,P1103
P774,P291
P772,P1183
P714,P259
P316,P709
P1475,P1142
P1199,P151
P747,P504
P554,P175
P994,P694
P908,P1473
P276,P329
P561,P1099
P1131,P1316
P330,P247
P1106,P566
P1212,P1392
P1393,P201
P1495,P1125
P262,P1151
P202,P275
P18,P1256
P1471,P836
P1291,P328
P1151,P1457
P1305,P395
P983,P1113
P273,P50
P995,P511
P724,P647
P1332,P37
P1139,P287
P1173,P1486
P1409,P782
P122,P243
P529,P212
P643,P1067
P309,P402
P730,P923
P1126,P1072
P813,P57
P193,P555
P157,P763
P1052,P357
P1301,P635
P810,P1427
P121,P538
P114,P886
P960,P847
P990,P768
P799,P696
P1468,P1276
P743,P625
P1166,P5
P399,P661
P869,P9
P446,P616
P904,P139
P1456,P868
P204,P1379
P943,P1047
P510,P1166
P1368,P1235
P1049,P456
P1403,P1448
P919,P871
P884,P84
P883,P912
P907,P170
P831,P1293
P53,P532
P988,P687
P1319,P1039
P378,P366
P16,P1097
P81,P215
P1492,P213
P1165,P234
P568,P1054
P1049,P575
P806,P485
P261,P1107
P17,P541
P606,P1048
P322,P872
P1123,P1220
P652,P629
P285,P242
P214,P165
P786,P192
P174,P45
P558,P1158
P540,P508
P592,P3
P129,P51
P376,P141
P1375,P210
P562,P921
P178,P61
P1347,P598
P273,P1094
P654,P983
P1146,P1316
P895,P748
P425,P1198
P1359,P1224
P292,P490
P138,P871
P1500,P114
P206,P500
P1220,P695
P783,P1177
P486,P1494
P1425,P495
P215,P508
P1072,P1273
P761,P189
P336,P1435
P344,P1223
P13,P1100
P745,P846
P1041,P546
P927,P1240
P854,P24
P859,P574
P1323,P1201
P613,P650
P648,P559
P938,P1194
P1005,P255
P1426,P1486
P1135,P164
P600,P376
P1434,P70
P1000,P375
P1334,P527
P1275,P977
P982,P215
P1166,P68
P1185,P1373
P447,P209
P729,P219
P1171,P755
P679,P772
P110,P803
P244,P832
P837,P1047
P387,P852
P1195,P836
P1182,P1134
P735,P1162
P738,P571
P801,P849
P1032,P595
P77,P1194
P723,P523
P458,P692
P213,P871
P1075,P159
P449,P983
P874,P1005
P751,P546
P119,P1143
P825,P363
P874,P1050
P950,P1219
P1288,P1219
P1419,P279
P361,P360
P64,P1350
P949,P1014
P820,P398
P767,P1258
P194,P821
P1485,P1185
P708,P263
P395,P958
P1013,P337
P263,P1240
P972,P1206
P760,P681
P629,P1190
P619,P609
P249,P801
P244,P828
P317,P1205
P110,P196
P1028,P675
P612,P224
P783,P19
P1397,P634
P557,P430
P332,P868
P170,P437
P1231,P153
P1271,P274
P538,P1036
P191,P1247
P1404,P1082
P443,P165
P255,P61
P10,P615
P1398,P493
P988,P1135
P355,P406
P357,P232
P606,P301
P470,P205
P109,P941
P460,P1380
P424,P295
P1402,P451
P537,P599
P1366,P1183
P1333,P1116
P967,P1159
P293,P997
P865,P840
P1477,P1498
P1380,P364
P1189,P1191
P1112,P1491
P1395,P282
P799,P524
P125,P950
P116,P242
P600,P107
P1155,P1383
P1056,P944
P654,P1331
P124,P621
P577,P995
P853,P199
P66,P1171
P136,P974
P619,P179
P1464,P1203
P506,P747
P895,P434
P964,P847
P1323,P1441
P646,P511
P1170,P913
P1084,P1010
P200,P879
P713,P387
P1371,P271
P33,P286
P711,P479
P324,P299
P281,P90
P436,P618
P776,P206
P1036,P132
P51,P1217
P1082,P1386
P377,P1193
P1386,P205
P1277,P1427
P850,P784
P766,P401
P526,P141
P1264,P1208
P678,P107
P474,P1368
P1479,P1209
P540,P386
P308,P47
P368,P554
P318,P354
P419,P1058
P1447,P628
P732,P1487
P452,P1020
P1022,P1483
P463,P830
P1123,P1335
P883,P563
P376,P723
P359,P242
P1415,P314
P7,P1058
P1399,P315
P948,P1346
P984,P529
P867,P617
P610,P906
P358,P319
P1138,P1394
P1281,P262
P956,P379
P60,P1170
P485,P1362
P260,P162
P1094,P270
P862,P1017
P1011,P1230
P130,P1338
P536,P1274
P446,P1408
P750,P536
P371,P768
P356,P1181
P1199,P100
P838,P1109
P456,P1144
P284,P734
P238,P1407
P630,P151
P205,P221
P7,P690
P1377,P341
P795,P145
P829,P199
P1198,P726
P148,P1381
P961,P1289
P379,P944
P1284,P1257
P1083,P340
P959,P1435
P1464,P1302
P1425,P1212
P175,P1314
P653,P562
P395,P1402
P570,P1161
P1235,P188
P1185,P1297
P1163,P848
P801,P980
P23,P68
P936,P459
P1493,P1356
P1480,P485
P906,P484
P532,P145
P1280,P123
P524,P731
P811,P1121
P1294,P555
P1310,P492
P902,P1298
P656,P1314
P193,P1410
P220,P1228
P98,P678
P302,P207
P880,P957
P588,P203
P1287,P1312
P941,P1295
P578,P126
P643,P983
P17,P1309
P1370,P1129
P801,P781
P6,P787
P1285,P912
P1441,P623
P561,P58
P1322,P1081
P458,P80
P112,P864
P1084,P397
P963,P272
P756,P927
P107,P233
P772,P1330
P701,P1275
P618,P6
P1443,P1132
P1362,P164
P811,P273
P544,P182
P1253,P880
P625,P1029
P1334,P1487
P226,P812
P182,P1176
P1260,P1484
P1280,P907
P608,P444
P1101,P507
P871,P195
P1359,P924
P554,P840
P1238,P1458
P27,P184
P1452,P311
P383,P1355
P364,P765
P1088,P538
P194,P1147
P938,P302
P755,P867
P856,P271
P1242,P1249
P1214,P1148
P228,P456
P1140,P1047
P1239,P772
P245,P229
P618,P159
P629,P834
P1464,P1426
P1127,P666
P578,P917
P501,P576
P428,P1213
P75,P359
P983,P310
P658,P422
P1342,P538
P1012,P1234
P833,P1316
P766,P1268
P360,P1344
P1259,P228
P70,P527
P575,P865
P528,P19
P824,P533
P863,P1171
P32,P1142
P306,P253
P1243,P793
P95,P155
P278,P1291
P867,P925
P321,P578
P178,P1452
P946,P663
P890,P244
P1249,P907
P870,P182
P531,P261
P1089,P92
P764,P816
P1041,P132
P1465,P212
P1321,P1134
P963,P170
P533,P141
P28,P1241
P991,P274
P590,P1288
P168,P1113
P249,P473
P858,P886
P549,P872
P1221,P253
P172,P1297
P688,P913
P913,P1337
P914,P972
P147,P923
P423,P1471
P191,P1046
P88,P48
P531,P82
P1423,P933
P479,P690
P254,P208
P1002,P119
P1328,P996
P980,P1249
P1446,P666
P859,P1106
P1267,P1225
P1154,P1311
P868,P746
P1072,P516
P493,P316
P819,P1375
P1408,P693
P1425,P39
P328,P29
P701,P217
P312,P889
P88,P619
P1087,P1466
P1403,P1413
P1227,P116
P1184,P1141
P1052,P1361
P1081,P559
P1486,P1255
P1050,P385
P555,P1098
P685,P942
P275,P1041
P946,P890
P408,P754
P1110,P1035
P1173,P681
P249,P517
P784,P1292
P866,P1434
P603,P1135
P366,P23
P1433,P1150
P1138,P1342
P1486,P1353
P984,P76
P552,P832
P106,P367
P88,P1011
P201,P1201
P28,P283
P225,P253
P1314,P284
P520,P1088
P425,P1144
P803,P272
P993,P703
P1340,P989
P875,P18
P311,P239
P822,P734
P613,P1079
P482,P642
P129,P750
P1402,P239
P1138,P390
P599,P520
P411,P529
P1265,P710
P4,P410
P253,P742
P1225,P223
P398,P380
P967,P476
P216,P221
P15,P550
P1063,P395
P306,P928
P328,P456
P1433,P55
P1053,P359
P1041,P1294
P1094,P58
P1175,P633
P894,P979
P761,P492
P14,P965
P625,P1366
P1370,P784
P815,P1465
P1053,P1398
P392,P413
P206,P996
P1199,P991
P179,P1039
P561,P1093
P520,P57
P1124,P435
P25,P7
P789,P109
P219,P489
P431,P1491
P618,P601
P36,P1077
P553,P1177
P90,P68
P1175,P918
P923,P632
P594,P904
P1443,P701
P1490,P1152
P655,P228
P1318,P302
P55,P1231
P1386,P201
P70,P1410
P796,P123
P346,P341
P640,P782
P664,P161
P504,P1249
P1293,P418
P1197,P165
P1166,P1426
P1236,P1313
P1156,P967
P1080,P1102
P26,P955
P392,P1247
P844,P1493
P1175,P972
P18,P1422
P997,P492
P423,P498
P746,P814
P1140,P524
P465,P1175
P253,P1376
P31,P333
P1118,P487
P1158,P352
P289,P397
P615,P1382
P1319,P1477
P673,P821
P1464,P582
P915,P279
P1206,P481
P449,P1470
P62,P123
P50,P792
P120,P1324
P1498,P82
P394,P67
P363,P311
P647,P303
P220,P871
P908,P8
P722,P164
P1371,P1369
P925,P1335
P1400,P118
P1206,P791
P345,P86
P305,P28
P451,P279
P781,P47
P212,P35
P268,P689
P220,P304
P1133,P852
P462,P392
P9,P175
P440,P991
P758,P505
P348,P115
P840,P1123
P1301,P591
P1215,P1046
P653,P921
P449,P551
P427,P971
P983,P15
P10,P1115
P8,P1468
P28,P430
P197,P964
P1240,P892
P22,P364
P410,P1236
P523,P674
P1216,P1024
P1301,P234
P431,P1274
P657,P225
P259,P1074
P104,P1274
P1232,P683
P1053,P1382
P1010,P675
P616,P929
P64,P323
P1095,P1487
P100,P231
P17,P368
P1481,P1162
P85,P1044
P704,P497
P1011,P722
P408,P1375
P1110,P664
P925,P730
P702,P1477
P715,P1172
P1338,P1178
P681,P164
P1221,P1102
P524,P1251
P1463,P826
P1366,P357
P91,P1137
P95,P1392
P723,P357
P91,P1480
P1115,P187
P1160,P1185
P274,P35
P1268,P1493
P635,P595
P385,P1310
P439,P950
P1165,P149
P1259,P148
P1011,P1263
P1190,P440
P297,P537
P557,P35
P1340,P563
P1170,P917
P1402,P1298
P998,P1370
P1352,P138
P673,P1301
P1075,P1237
P285,P1347
P1496,P807
P1103,P440
P636,P805
P1172,P67
P102,P1060
P264,P278
P921,P742
P687,P1114
P1481,P703
P1333,P518
P647,P570
P635,P937
P1493,P484
P58,P943
P760,P1005
P1415,P691
P1212,P1088
P368,P131
P793,P513
P985,P1465
P812,P454
P174,P149
P406,P878
P1025,P171
P567,P1444
P1449,P1293
P1153,P33
P600,P1197
P138,P284
P230,P1448
P1243,P1284
P1200,P185
P574,P732
P255,P1070
P512,P1250
P1410,P703
P869,P420
P1448,P134
P523,P1152
P1122,P871
P259,P1347
P168,P281
P643,P1394
P729,P421
P974,P1329
P481,P349
P101,P798
P277,P104
P766,P1145
P398,P175
P460,P448
P1453,P259
P1402,P851
P850,P419
P529,P609
P629,P267
P542,P1091
P607,P11
P359,P615
P259,P240
P336,P475
P611,P181
P381,P326
P522,P626
P635,P1307
P584,P1326
P30,P306
P239,P1143
P663,P1316
P779,P31
P585,P758
P1172,P627
P611,P736
P1154,P571
P644,P1258
P881,P1271
P1265,P844
P208,P268
P735,P616
P784,P825
P590,P53
P1437,P735
P444,P838
P767,P1419
P1192,P452
P68,P1087
P556,P606
P951,P1455
P1315,P1120
P1308,P627
P931,P1293
P742,P550
P318,P1415
P126,P844
P709,P1427
P885,P905
P1425,P172
P1319,P473
P304,P30
P290,P855
P1168,P1433
P230,P1031
P1434,P1276
P841,P344
P1424,P1351
P1040,P1402
P1412,P1434
P188,P1328
P1312,P403
P936,P234
P405,P668
P816,P1365
P1256,P833
P771,P786
P249,P250
P757,P218
P1126,P1362
P1188,P1471
P1168,P926
P781,P268
P990,P863
P640,P311
P865,P276
P68,P1212
P500,P1278
P777,P897
P122,P869
P321,P1257
P1249,P749
P1079,P1304
P1244,P1224
P505,P515
P1190,P1481
P174,P177
P489,P1053
P1021,P750
P1311,P1102
P1258,P1225
P520,P772
P653,P925
P705,P18
P1157,P220
P1134,P12
P754,P530
P94,P1154
P1152,P696
P1099,P1358
P1019,P398
P603,P5
P1249,P790
P1498,P308
P821,P219
P1414,P1447
P818,P494
P132,P926
P153,P1353
P1183,P35
P1166,P1222
P350,P1253
P1178,P1367
P146,P1276
P652,P479
P818,P1221
P101,P227
P1004,P908
P656,P970
P887,P624
P831,P565
P406,P481
P756,P828
P677,P740
P711,P1341
P952,P23
P624,P1276
P245,P1152
P295,P910
P193,P161
P1003,P1140
P1494,P20
P329,P192
P301,P1421
P1289,P843
P417,P126
P898,P1347
P88,P914
P554,P186
P604,P505
P469,P1355
P1032,P258
P1246,P1430
P1278,P479
P665,P1286
P874,P614
P94,P325
P1393,P227
P923,P1266
P951,P811
P1322,P1314
P1107,P58
P590,P1132
P279,P612
P1170,P963
P1337,P753
P1103,P43
P754,P1380
P972,P415
P1108,P100
P834,P1291
P877,P1476
P191,P804
P745,P1013
P382,P952
P781,P814
P1291,P891
P116,P1454
P417,P1414
P1150,P958
P470,P1462
P1469,P461
P760,P1165
P873,P328
P1018,P982
P1163,P1157
P1230,P383
P1477,P1096
P725,P830
P6,P48
P163,P1434
P115,P1163
P1302,P346
P417,P1422
P339,P883
P1088,P1139
P980,P1266
P1120,P1292
P268,P1031
P1030,P983
P20,P345
P1234,P559
P463,P1231
P671,P1221
P1410,P1384
P752,P717
P238,P1177
P61,P1342
P1213,P1222
P315,P721
P796,P1072
P532,P808
P1439,P1342
P632,P1077
P755,P856
P648,P1031
P18,P1239
P768,P360
P417,P751
P417,P918
P1150,P1360
P753,P571
P1083,P715
P1129,P941
P871,P354
P530,P1022
P162,P189
P691,P1387
P996,P794
P291,P194
P1101,P1397
P1129,P453
P684,P225
P1432,P451
P1372,P152
P1094,P1326
P1442,P205
P963,P992
P1017,P203
P283,P547
P750,P1308
P99,P156
P504,P1184
P655,P722
P1230,P369
P499,P1468
P435,P344
P655,P1206
P569,P1179
P647,P331
P747,P402
P630,P906
P1246,P147
P609,P1422
P1247,P210
P906,P804
P1060,P1104
P726,P390
P284,P1433
P48,P1019
P390,P1070
P989,P1130
P947,P568
P682,P423
P208,P356
P1020,P906
P1163,P1069
P289,P16
P504,P41
P829,P965
P218,P1181
P133,P286
P41,P1406
P817,P301
P1374,P1455
P399,P68
P487,P1365
P153,P872
P864,P1387
P177,P934
P496,P595
P148,P734
P868,P231
P1233,P153
P570,P664
P104,P916
P699,P86
P1055,P1421
P12,P15
P1280,P1030
P1316,P48
P260,P1379
P63,P96
P276,P840
P125,P43
P522,P1076
P1284,P772
P1355,P627
P1422,P101
P906,P513
P354,P360
P1368,P651
P1343,P202
P155,P1342
P1348,P447
P1231,P850
P1234,P116
P610,P973
P965,P426
P1192,P1139
P530,P1218
P1490,P921
P1293,P305
P928,P1161
P1239,P1075
P1114,P221
P108,P226
P789,P42
P727,P875
P1079,P902
P1386,P1368
P816,P565
P879,P479
P177,P1179
P902,P1364
P833,P569
P275,P253
P770,P361
P1451,P878
P719,P410
P61,P1178
P272,P597
P369,P1278
P1094,P788
P272,P966
P540,P1329
P96,P1329
P918,P114
P520,P573
P919,P491
P31,P348
P155,P1043
P1126,P786
P466,P903
P77,P249
P925,P352
P848,P1059
P584,P1424
P1317,P27
P804,P377
P993,P45
P1362,P942
P862,P1150
P1363,P1351
P741,P1410
P620,P1408
P37,P588
P1372,P657
P1443,P15
P692,P581
P348,P1278
P264,P595
P984,P686
P1022,P877
P1178,P92
P1482,P524
P771,P617
P1368,P225
P665,P519
P672,P125
P79,P1386
P267,P802
P279,P22
P464,P475
P268,P95
P475,P1300
P932,P1218
P568,P1402
P44,P302
P526,P1260
P68,P442
P989,P119
P982,P907
P535,P325
P1252,P384
P1479,P952
P1084,P761
P339,P900
P693,P186
P739,P1480
P177,P1015
P882,P162
P510,P90
P918,P1018
P837,P211
P394,P1109
P410,P943
P1062,P801
P1263,P855
P790,P455
P1012,P1214
P1346,P177
P563,P342
P1113,P122
P1061,P760
P1174,P501
P1267,P1126
P1108,P1041
P1273,P473
P3,P440
P630,P552
P444,P773
P780,P1414
P730,P1083
P874,P157
P847,P1165
P1237,P1431
P1433,P833
P930,P1166
P15,P975
P1283,P1029
P258,P77
P320,P1421
P492,P1280
P1096,P458
P1088,P301
P1005,P598
P1414,P1088
P29,P1027
P513,P581
P796,P680
P1344,P1334
P371,P440
P493,P60
P617,P953
P611,P549
P1409,P399
P917,P1319
P923,P895
P1388,P1410
P206,P637
P460,P683
P604,P1100
P675,P697
P1285,P385
P946,P275
P1277,P552
P1073,P674
P504,P701
P58,P1203
P239,P1186
P1047,P38
P1353,P1357
P694,P1403
P101,P407
P401,P4
P483,P1428
P1469,P252
P1405,P1393
P410,P1184
P1207,P568
P1107,P551
P1179,P328
P901,P859
P503,P596
P886,P336
P626,P260
P1,P586
P1376,P1226
P695,P1235
P414,P28
P491,P1476
P316,P1323
P561,P179
P541,P697
P831,P995
P427,P1456
P1193,P705
P1224,P1480
P454,P630
P1005,P246
P1141,P1038
P1316,P46
P456,P911
P705,P186
P836,P271
P1084,P295
P1202,P661
P907,P538
P1168,P993
P730,P829
P900,P479
P1245,P437
P553,P1301
P631,P1198
P1026,P307
P189,P245
P261,P947
P351,P139
P326,P301
P169,P1488
P36,P150
P576,P1434
P691,P440
P496,P107
P792,P1499
P1211,P658
P374,P875
P283,P776
P323,P947
P283,P1107
P236,P870
P1354,P118
P653,P400
P289,P69
P103,P1163
P357,P3
P231,P715
P187,P1246
P727,P456
P1412,P1246
P903,P224
P349,P1421
P869,P1060
P547,P699
P1099,P570
P237,P833
P13,P1094
P131,P1493
P1393,P656
P630,P457
P1289,P1435
P1025,P926
P165,P632
P407,P1057
P524,P1104
P250,P1338
P634,P203
P1071,P916
P881,P880
P1257,P868
P490,P962
P1462,P648
P577,P1390
P140,P1191
P262,P74
P822,P100
P1236,P475
P1015,P924
P1436,P1497
P40,P815
P1140,P1113
P804,P644
P487,P220
P581,P764
P1239,P472
P444,P1306
P829,P1440
P53,P910
P1240,P831
P479,P828
P408,P78
P651,P87
P1237,P771
P1116,P1363
P17,P105
P678,P196
P1118,P1416
P1158,P794
P715,P1044
P1416,P472
P1314,P1282
P1250,P890
P605,P1383
P278,P1099
P858,P1439
P67,P815
P47,P306
P791,P130
P811,P1167
P120,P287
P702,P1443
P926,P349
P581,P683
P1459,P205
P1006,P528
P1400,P1375
P1147,P218
P64,P1317
P1281,P739
P667,P1451
P1356,P624
P1112,P615
P775,P1498
P41,P116
P138,P84
P454,P631
P546,P1380
P1077,P243
P1020,P1038
P340,P842
P353,P37
P612,P296
P369,P387
P943,P182
P153,P679
P176,P732
P1402,P571
P1458,P541
P457,P1111
P476,P1150
P664,P556
P240,P147
P218,P278
P690,P504
P1163,P301
P156,P1440
P45,P377
P1435,P1106
P44,P739
P469,P888
P428,P575
P213,P17
P334,P1068
P703,P865
P662,P19
P96,P340
P762,P1344
P480,P1106
P1382,P423
P1398,P562
P450,P986
P477,P175
P97,P759
P945,P889
P85,P194
P472,P360
P193,P284
P1210,P669
P1294,P1066
P279,P958
P766,P48
P1419,P1244
P275,P615
P660,P907
P162,P1229
P836,P261
P282,P959
P1423,P92
P1301,P42
P1199,P870
P110,P1167
P803,P662
P1040,P530
P1281,P141
P305,P6
P591,P196
P607,P299
P209,P1399
P1056,P878
P1203,P268
P1147,P1252
P466,P735
P427,P1382
P1235,P881
P1377,P264
P364,P1274
P121,P256
P795,P522
P501,P21
P1228,P115
P817,P661
P1305,P1108
P898,P1084
P857,P113
P761,P1180
P851,P848
P394,P1038
P1274,P830
P811,P404
P1275,P1481
P274,P1393
P1063,P227
P959,P230
P92,P530
P892,P1017
P772,P1391
P888,P564
P186,P938
P1058,P809
P342,P753
P534,P1467
P336,P324
P1496,P1206
P685,P672
P285,P532
P697,P957
P191,P1327
P383,P804
P121,P966
P1327,P258
P981,P816
P1034,P985
P1137,P1104
P822,P995
P1360,P868
P94,P1048
P1102,P421
P1174,P1324
P433,P1295
P400,P1121
P1004,P291
P418,P946
P1028,P1117
P641,P655
P641,P1166
P1426,P818
P1042,P1225
P322,P1361
P1158,P934
P1049,P807
P1229,P774
P684,P1304
P15,P373
P720,P1152
P4,P427
P262,P1107
P613,P510
P176,P671
P1348,P379
P848,P217
P1228,P121
P371,P297
P1255,P428
P1023,P823
P700,P1424
P1145,P383
P1273,P1309
P247,P1456
P782,P132
P32,P1082
P99,P290
P1428,P1257
P461,P578
P1247,P60
P5,P34
P194,P355
P1145,P1271
P1042,P87
P155,P549
P658,P1480
P1416,P399
P1214,P434
P45,P1179
P22,P580
P1318,P1087
P99,P420
P940,P44
P1084,P330
P730,P1441
P1129,P1318
P94,P1275
P1144,P726
P671,P1241
P256,P632
P1138,P326
P185,P1442
P1472,P679
P782,P903
P772,P944
P522,P616
P978,P2
P1302,P1159
P1023,P729
P824,P287
P652,P321
P1469,P968
P488,P776
P85,P576
P391,P869
P1414,P1265
P221,P581
P1302,P831
P757,P1245
P1185,P17
P1139,P689
P668,P458
P817,P566
P89,P1202
P9,P196
P86,P578
P796,P207
P1314,P816
P559,P189
P876,P166
P543,P833
P835,P739
P733,P794
P269,P268
P1080,P532
P941,P1392
P157,P1273
P1305,P686
P1365,P549
P1092,P1316
P315,P84
P995,P1212
P718,P18
P1116,P162
P1088,P710
P365,P1065
P1257,P1043
P1221,P892
P1230,P287
P1399,P1405
P1293,P213
P1400,P524
P909,P82
P373,P600
P1042,P1228
P491,P28
P1016,P279
P347,P1427
P1353,P367
P156,P302
P796,P642
P424,P418
P1214,P1404
P980,P1159
P497,P1446
P1405,P760
P1232,P338
P813,P820
P863,P368
P802,P51
P1014,P541
P1254,P705
P1239,P461
P493,P185
P511,P829
P1230,P285
P1152,P193
P666,P533
P1237,P449
P1134,P710
P326,P413
P511,P1314
P269,P1179
P1253,P1232
P226,P352
P1212,P1443
P430,P812
P1011,P17
P476,P1480
P77,P1040
P825,P665
P69,P122
P462,P1053
P928,P1048
P1264,P1076
P14,P635
P904,P162
P1006,P840
P721,P954
P1215,P1138
P561,P1456
P152,P27
P121,P188
P897,P868
P380,P796
P110,P885
P1308,P371
P1239,P260
P951,P1222
P830,P391
P1274,P181
P983,P792
P11,P1106
P1234,P1365
P931,P102
P1239,P342
P1367,P145
P66,P898
P1448,P1217
P1171,P1226
P880,P892
P1116,P581
P379,P481
P498,P820
P1277,P487
P1443,P912
P1482,P1209
P706,P691
P564,P1176
P548,P89
P1061,P642
P668,P35
P236,P298
P720,P857
P1231,P1347
P1195,P821
P1226,P310
P421,P1124
P344,P830
P489,P438
P891,P884
P1436,P219
P1075,P493
P314,P1335
P1159,P1097
P76,P986
P499,P1482
P695,P422
P1206,P995
P1347,P766
P1327,P235
P1392,P795
P265,P1242
P1204,P153
P524,P102
P1355,P692
P702,P554
P904,P1092
P472,P102
P131,P714
P175,P1208
P567,P976
P1395,P327
P615,P874
P799,P865
P1320,P623
P1431,P65
P1190,P620
P814,P875
P1138,P1465
P1468,P197
P301,P1208
P244,P923
P363,P1350
P898,P73
P517,P1181
P217,P218
P871,P886
P1358,P1230
P1157,P1428
P1258,P332
P805,P792
P104,P696
P1494,P464
P729,P815
P1170,P583
P1063,P375
P1368,P1450
P136,P518
P1220,P89
P1242,P1211
P1329,P1437
P744,P417
P963,P1491
P715,P838
P1122,P663
P1315,P1406
P759,P141
P796,P364
P1213,P1276
P403,P942
P795,P724
P840,P10
P1125,P751
P850,P1088
P1398,P363
P1016,P403
P202,P563
P1098,P469
P374,P261
P312,P405
P1043,P1328
P455,P545
P601,P284
P1216,P360
P1016,P458
P1064,P289
P732,P147
P266,P1163
P1358,P1347
P1325,P451
P909,P888
P1371,P851
P820,P1204
P1410,P958
P1499,P505
P102,P1458
P1441,P794
P574,P340
P763,P461
P558,P580
P968,P555
P437,P810
P227,P722
P92,P679
P1046,P98
P1104,P229
P440,P325
P620,P1112
P1109,P1419
P663,P547
P443,P890
P415,P594
P752,P1297
P1099,P28
P1056,P1372
P1202,P714
P71,P437
P185,P911
P875,P981
P201,P997
P893,P1260
P350,P554
P212,P694
P878,P1425
P478,P693
P159,P880
P40,P292
P1025,P1462
P445,P240
P742,P741
P861,P942
P1191,P636
P1050,P10
P789,P1334
P798,P954
P320,P799
P1107,P719
P512,P452
P554,P1079
P235,P65
P835,P951
P293,P465
P359,P1090
P122,P1274
P485,P981
P1059,P631
P1063,P1291
P717,P1144
P460,P271
P398,P85
P964,P1209
P350,P1332
P276,P340
P1116,P1108
P457,P1231
P30,P1174
P259,P752
P499,P176
P1428,P958
P594,P1075
P1378,P335
P140,P114
P736,P1126
P400,P246
P1084,P1305
P671,P901
P282,P613
P427,P1278
P201,P729
P683,P1024
P426,P1344
P698,P301
P41,P699
P1213,P874
P1329,P427
P2,P153
P726,P990
P118,P1422
P492,P966
P121,P164
P248,P1036
P211,P1027
P184,P1493
P627,P405
P739,P403
P281,P1157
P884,P779
P31,P222
P1211,P1288
P20,P280
P574,P587
P200,P93
P826,P1058
P213,P821
P1422,P1323
P1196,P1049
P163,P755
P685,P109
P691,P1287
P1171,P144
P843,P881
P466,P1026
P391,P699
P586,P312
P617,P299
P1204,P553
P1375,P1131
P253,P1105
P45,P1183
P1373,P925
P822,P610
P276,P823
P785,P211
P842,P62
P823,P870
P1295,P375
P748,P1075
P887,P1369
P518,P565
P1209,P1236
P302,P371
P893,P1342
P933,P752
P421,P392
P929,P491
P1458,P40
P298,P799
P520,P346
P785,P1094
P858,P725
P324,P1047
P1047,P275
P152,P422
P386,P674
P160,P1117
P973,P310
P1204,P1269
P156,P650
P573,P988
P717,P1262
P1124,P159
P1087,P79
P433,P1498
P1301,P1103
P284,P699
P131,P296
P1399,P809
P884,P873
P142,P721
P95,P893
P471,P517
P842,P783
P760,P327
P1359,P88
P1474,P658
P117,P356
P456,P1058
P818,P450
P1028,P1475
P1039,P146
P907,P555
P178,P1033
P867,P1473
P255,P77
P92,P1452
P1109,P1494
P414,P36
P1016,P228
P467,P881
P1149,P693
P1309,P897
P470,P612
P1318,P599
P1457,P782
P1364,P741
P212,P646
P764,P1471
P1406,P650
P223,P370
P39,P1313
P909,P1068
P1093,P882
P1479,P342
P1431,P583
P120,P183
P1264,P514
P966,P1290
P259,P727
P776,P333
P373,P187
P34,P266
P1053,P283
P859,P19
P1102,P930
P372,P1184
P451,P790
P578,P1198
P163,P308
P834,P520
P983,P467
P584,P24
P798,P446
P118,P298
P592,P1040
P809,P1242
P973,P168
P637,P244
P38,P1124
P180,P1493
P732,P169
P279,P795
P1289,P718
P225,P1210
P196,P671
P1336,P1017
P1025,P879
P1014,P720
P72,P215
P1031,P665
P39,P690
P1211,P202
P1175,P1249
P1428,P1303
P809,P943
P540,P1298
P1493,P1255
P837,P838
P567,P218
P175,P1165
P674,P203
P1112,P172
P1127,P357
P227,P572
P131,P593
P76,P602
P671,P307
P1015,P159
P1089,P484
P1287,P1346
P1036,P540
P1336,P1310
P569,P337
P123,P430
P1043,P3
P1455,P1170
P1259,P642
P787,P881
P280,P236
P284,P258
P932,P526
P1253,P968
P1144,P881
P1455,P1209
P891,P910
P962,P86
P1206,P784
P1459,P273
P1099,P328
P639,P935
P1058,P1040
P209,P356
P1379,P228
P1025,P950
P470,P276
P1476,P946
P294,P1085
P198,P1335
P799,P1016
P1395,P429
P271,P602
P1369,P376
P954,P1095
P577,P1088
P1225,P649
P10,P40
P181,P532
P808,P262
P1181,P470
P11,P148
P138,P1205
P440,P829
P728,P1053
P867,P1199
P1305,P842
P243,P1260
P673,P1471
P1450,P1045
P1141,P1257
P233,P1355
P872,P493
P965,P670
P332,P1188
P600,P928
P1227,P875
P458,P1180
P595,P484
P77,P1305
P530,P999
P1479,P427
P876,P290
P714,P600
P103,P625
P94,P741
P67,P276
P355,P441
P1097,P1407
P184,P389
P948,P1495
P811,P915
P1359,P1103
P50,P1146
P379,P124
P894,P297
P1455,P585
P1253,P806
P863,P260
P375,P541
P1434,P1300
P1429,P278
P1334,P607
P191,P838
P104,P568
P566,P1054
P1429,P375
P716,P147
P320,P53
P1421,P682
P654,P1193
P639,P1496
P900,P1221
P33,P836
P12,P713
P171,P206
P1384,P378
P1361,P1496
P1031,P297
P915,P618
P836,P1239
P302,P507
P1264,P1484
P1323,P623
P345,P203
P1380,P317
P84,P104
P1298,P787
P630,P276
P1385,P31
P1399,P69
P1096,P284
P1385,P880
P418,P185
P1459,P676
P715,P577
P1030,P1176
P314,P1173
P442,P976
P940,P746
P697,P1154
P606,P552
P377,P602
P166,P527
P554,P126
P129,P725
P1143,P1198
P549,P271
P1163,P1288
P1239,P1179
P226,P23
P769,P542
P849,P212
P1142,P34
P1089,P480
P590,P1459
P943,P1190
P1096,P1433
P1118,P1073
P1,P575
P906,P838
P118,P340
P698,P887
P901,P61
P1269,P364
P1414,P202
P535,P320
P1162,P1326
P164,P909
P138,P800
P837,P960
P604,P323
P968,P832
P1103,P315
P137,P1289
P264,P521
P1418,P40
P989,P566
P374,P897
P346,P1469
P546,P969
P1123,P278
P182,P569
P1039,P312
P1446,P707
P814,P32
P974,P1474
P1103,P952
P654,P123
P977,P333
P1424,P231
P1225,P453
P831,P58
P752,P1037
P1116,P570
P1292,P612
P1312,P135
P873,P35
P292,P206
P1495,P1432
P11,P1417
P1360,P50
P866,P232
P457,P446
P433,P46
P181,P1090
P130,P183
P1431,P871
P1228,P1433
P688,P1046
P1065,P521
P773,P1104
P532,P1425
P296,P568
P1397,P1344
P968,P237
P4,P286
P742,P1028
P294,P147
P742,P838
P1441,P28
P291,P565
P1138,P919
P948,P960
P134,P867
P1267,P319
P679,P913
P491,P1018
P150,P618
P1395,P602
P1077,P552
P741,P532
P734,P282
P412,P274
P529,P201
P1141,P1239
P317,P771
P471,P1478
P448,P141
P1480,P879
P1292,P616
P783,P579
P888,P1143
P1209,P645
P1063,P713
P1153,P136
P498,P29
P1271,P693
P934,P238
P712,P1471
P426,P242
P895,P305
P173,P1251
P1180,P60
P1238,P339
P516,P370
P767,P338
P1379,P418
P505,P598
P865,P1263
P482,P1127
P683,P474
P496,P158
P861,P313
P1088,P938
P986,P1095
P848,P636
P1385,P1347
P1346,P1316
P575,P189
P1468,P1112
P77,P65
P764,P1060
P1460,P685
P375,P996
P652,P273
P1041,P1248
P1494,P1490
P31,P380
P576,P1093
P1014,P1419
P516,P616
P972,P442
P361,P1314
P891,P616
P881,P860
P1294,P17
P825,P933
P22,P1247
P1235,P1269
P1206,P648
P766,P897
P1219,P971
P314,P1065
P199,P1204
P311,P862
P462,P776
P847,P1185
P529,P936
P307,P1049
P327,P796
P1435,P41
P322,P1161
P206,P1118
P993,P597
P637,P94
P438,P199
P529,P826
P1095,P693
P577,P433
P311,P351
P1125,P385
P1355,P659
P577,P1421
P798,P1249
P1122,P313
P991,P106
P551,P1023
P1453,P528
P1499,P309
P125,P952
P1395,P9
P6,P385
P456,P400
P255,P616
P705,P228
P1271,P678
P533,P446
P1260,P896
P97,P601
P1108,P1481
P1008,P183
P677,P1484
P270,P1232
P22,P31
P1264,P337
P630,P984
P28,P131
P123,P503
P682,P485
P620,P1326
P373,P335
P1318,P1231
P1274,P403
P1206,P1256
P802,P403
P16,P101
P413,P805
P222,P671
P1213,P456
P693,P1335
P58,P1295
P850,P872
P60,P1169
P52,P763
P1309,P1492
P1099,P234
P467,P1315
P990,P1321
P1317,P72
P959,P1182
P1087,P342
P1124,P93
P1261,P1011
P269,P55
P169,P1365
P1429,P931
P789,P251
P103,P670
P1086,P124
P1430,P857
P508,P910
P1268,P124
P1218,P839
P108,P1236
P1177,P1330
P1139,P318
P837,P670
P1334,P1004
P1447,P302
P1427,P1054
P19,P1110
P370,P1177
P873,P1347
P782,P1255
P719,P453
P495,P1138
P120,P415
P449,P511
P685,P1237
P1121,P879
P228,P250
P1387,P267
P1287,P1304
P589,P683
P492,P336
P1038,P1072
P957,P727
P526,P1068
P1236,P738
P964,P394
P538,P578
P567,P1459
P395,P626
P251,P741
P925,P1031
P62,P803
P1121,P141
P734,P133
P242,P530
P966,P472
P1181,P852
P419,P991
P1414,P162
P127,P466
P402,P1092
P126,P444
P1256,P559
P616,P236
P1009,P132
P1379,P501
P1291,P342
P1113,P501
P1001,P1046
P633,P1205
P1104,P900
P382,P929
P1346,P749
P787,P821
P1129,P1285
P950,P1414
P1018,P193
P34,P9
P707,P1010
P34,P276
P34,P187
P673,P551
P725,P774
P234,P1490
P393,P1247
P711,P358
P908,P842
P43,P1410
P1457,P250
P1402,P129
P1090,P864
P1477,P468
P526,P381
P330,P1297
P896,P807
P385,P832
P1317,P181
P53,P545
P549,P358
P848,P1439
P1484,P265
P702,P175
P1397,P797
P548,P1000
P1124,P772
P322,P132
P557,P496
P148,P1323
P865,P1242
P971,P1025
P1451,P945
P1010,P605
P971,P1416
P1209,P1381
P652,P467
P119,P1183
P5,P128
P1075,P992
P279,P571
P418,P403
P2,P859
P2,P436
P915,P1128
P1310,P116
P236,P981
P1287,P6
P832,P1457
P409,P1395
P171,P110
P61,P243
P571,P1342
P708,P219
P296,P451
P1341,P1137
P335,P651
P416,P1387
P378,P371
P1157,P1474
P1071,P134
P1134,P138
P1228,P1350
P1291,P783
P872,P247
P504,P438
P1323,P909
P177,P1333
P5,P817
P924,P663
P175,P614
P569,P846
P304,P1467
P1345,P572
P670,P430
P1291,P1210
P63,P145
P692,P75
P782,P741
P291,P1264
P984,P501
P661,P1236
P864,P182
P1453,P316
P1305,P495
P441,P626
P718,P777
P1089,P1314
P955,P1485
P162,P724
P1311,P1420
P83,P389
P884,P1435
P798,P1383
P576,P297
P1433,P896
P1052,P872
P31,P996
P520,P1017
P626,P186
P771,P769
P1431,P408
P203,P1438
P659,P843
P81,P1033
P765,P265
P36,P655
P262,P270
P985,P600
P452,P1055
P1449,P542
P1159,P1332
P311,P244
P447,P1237
P1465,P767
P890,P1474
P291,P1437
P1352,P1416
P811,P489
P342,P81
P1187,P1274
P133,P1082
P1149,P102
P167,P399
P851,P239
P152,P338
P126,P18
P102,P1423
P923,P119
P854,P33
P388,P1303
P31,P1380
P374,P1488
P1462,P1244
P611,P1499
P1311,P331
P570,P142
P703,P875
P66,P1152
P651,P782
P299,P258
P1252,P1101
P874,P411
P1115,P68
P1164,P212
P1205,P1249
P1259,P1433
P97,P65
P656,P862
P539,P493
P1018,P416
P355,P473
P300,P150
P869,P1128
P206,P921
P1323,P679
P664,P1130
P1460,P470
P699,P419
P151,P1017
P964,P343
P309,P263
P394,P400
P1121,P347
P411,P665
P1070,P791
P496,P445
P346,P790
P851,P290
P263,P1052
P1045,P1120
P832,P784
P56,P1317
P877,P355
P228,P1126
P1081,P1054
P159,P222
P1159,P382
P54,P444
P990,P679
P858,P821
P1008,P969
P125,P321
P1359,P1070
P299,P249
P677,P1284
P1213,P825
P1367,P1054
P1159,P194
P1377,P206
P1174,P763
P1217,P70
P612,P231
P312,P331
P143,P824
P694,P157
P61,P10
P882,P1216
P1337,P1033
P382,P507
P197,P1014
P149,P798
P1497,P530
P1167,P343
P953,P975
P692,P1068
P1062,P291
P272,P884
P537,P218
P1353,P286
P1436,P247
P782,P1226
P666,P192
P219,P780
P446,P607
P905,P209
P296,P232
P1134,P712
P207,P90
P103,P792
P1207,P1208
P255,P1139
P90,P743
P1127,P431
P21,P525
P4,P616
P25,P141
P931,P327
P321,P201
P869,P59
P340,P382
P1201,P768
P57,P196
P332,P30
P1392,P1174
P367,P154
P315,P36
P1185,P1344
P904,P884
P588,P101
P468,P1086
P791,P1091
P1371,P536
P1162,P640
P763,P1031
P557,P625
P463,P1462
P987,P819
P1147,P246
P1179,P1371
P1053,P755
P532,P38
P210,P791
P1118,P172
P681,P1314
P97,P1237
P762,P1115
P220,P1413
P1,P1337
P1127,P711
P1199,P237
P31,P753
P26,P54
P738,P920
P708,P1366
P703,P1428
P1023,P1473
P171,P52
P188,P1122
P633,P196
P540,P368
P1384,P1181
P694,P798
P1299,P426
P5,P867
P90,P542
P1457,P763
P1095,P518
P332,P849
P272,P16
P508,P630
P938,P256
P1381,P1416
P53,P1272
P1491,P110
P1328,P234
P1238,P617
P1369,P1185
P450,P1375
P370,P626
P1016,P767
P1056,P1344
P492,P895
P856,P278
P1248,P1170
P1281,P1485
P1104,P1248
P921,P110
P27,P24
P60,P444
P1353,P1286
P283,P1337
P1376,P371
P853,P1013
P7,P569
P271,P216
P824,P130
P800,P1391
P521,P688
P892,P758
P479,P362
P1080,P912
P1404,P899
P1204,P344
P1314,P1049
P1216,P48
P456,P851
P245,P104
P301,P457
P76,P93
P50,P417
P46,P179
P1198,P235
P1101,P1158
P1136,P818
P1134,P694
P1246,P711
P938,P1321
P276,P308
P1418,P8
P666,P219
P1205,P535
P987,P571
P1227,P1392
P298,P660
P1346,P614
P936,P596
P30,P673
P1453,P522
P36,P121
P431,P948
P419,P582
P59,P356
P1415,P914
P204,P305
P389,P266
P1461,P502
P101,P381
P1194,P103
P527,P686
P639,P241
P128,P123
P14,P664
P542,P306
P1097,P1462
P361,P1477
P690,P1495
P290,P43
P1177,P667
P309,P610
P397,P1139
P493,P289
P352,P236
P267,P1135
P208,P1392
P78,P280
P889,P1131
P151,P1207
P739,P1132
P92,P467
P164,P931
P692,P550
P770,P491
P981,P503
P451,P255
P427,P515
P168,P947
P872,P1017
P730,P336
P1324,P646
P311,P487
P1137,P1256
P272,P1412
P864,P171
P301,P244
P1036,P331
P424,P734
P600,P535
P641,P643
P1007,P256
P987,P763
P81,P39
P984,P1488
P400,P645
P911,P46
P996,P1225
P768,P381
P965,P1211
P1412,P1225
P1323,P289
P260,P981
P1348,P1231
P86,P1120
P296,P702
P937,P629
P1297,P310
P345,P1447
P38,P953
P856,P1433
P1180,P584
P895,P1270
P978,P584
P84,P1244
P11,P8
P992,P397
P1248,P1275
P826,P373
P775,P1275
P1401,P1008
P658,P1135
P1307,P824
P619,P910
P131,P883
P919,P301
P98,P639
P1178,P553
P823,P1355
P973,P100
P722,P812
P1167,P356
P731,P507
P1095,P852
P1397,P42
P900,P978
P1229,P355
P111,P223
P1055,P1323
P1040,P529
P983,P1142
P1481,P1427
P1090,P1161
P379,P847
P33,P764
P1474,P375
P1114,P486
P898,P586
P911,P316
P367,P384
P582,P973
P125,P138
P676,P989
P498,P1422
P179,P1405
P1471,P1387
P664,P490
P357,P745
P1177,P601
P1493,P465
P603,P619
P1108,P179
P475,P1101
P1252,P1240
P521,P1011
P1404,P1498
P995,P1371
P675,P497
P349,P1218
P134,P1057
P1293,P993
P472,P1331
P332,P1226
P380,P594
P1158,P833
P1021,P1372
P719,P1033
P855,P1098
P281,P1119
P728,P1133
P1274,P1196
P636,P1412
P997,P1476
P1086,P1306
P766,P239
P304,P696
P947,P497
P562,P280
P486,P1311
P185,P867
P1295,P316
P370,P444
P545,P33
P26,P1276
P1477,P1496
P226,P1301
P446,P816
P23,P1122
P1100,P903
P217,P941
P704,P1097
P630,P1487
P370,P16
P1476,P1421
P1439,P608
P835,P1
P1005,P1036
P215,P1423
P672,P1002
P567,P580
P179,P1064
P856,P1262
P1128,P1049
P443,P994
P1498,P100
P1171,P48
P187,P517
P799,P323
P193,P602
P686,P935
P812,P637
P1411,P185
P593,P241
P47,P319
P767,P958
P163,P474
P66,P1221
P497,P856
P421,P1405
P945,P443
P1119,P307
P880,P1221
P1128,P1042
P1128,P165
P492,P976
P854,P853
P979,P661
P10,P676
P419,P1464
P1379,P701
P1469,P1099
P1473,P257
P807,P329
P91,P862
P715,P542
P1265,P516
P39,P741
P488,P1216
P1222,P345
P427,P244
P408,P979
P825,P1222
P1038,P781
P310,P231
P305,P733
P533,P1084
P361,P887
P1170,P878
P821,P1269
P6,P104
P1482,P448
P1398,P1272
P96,P669
P245,P60
P1445,P1221
P1174,P1002
P1218,P1442
P753,P1043
P1347,P341
P1067,P383
P474,P7
P652,P225
P832,P988
P140,P126
P1336,P1137
P243,P35
P835,P369
P679,P1146
P816,P823
P644,P398
P915,P1190
P47,P968
P34,P1049
P1262,P1247
P698,P336
P622,P363
P40,P160
P1329,P464
P605,P363
P325,P1352
P1059,P568
P959,P635
P1116,P659
P13,P167
P1165,P1117
P251,P511
P320,P457
P49,P715
P632,P30
P257,P1479
P1091,P258
P1238,P599
P811,P1427
P123,P1447
P1104,P683
P367,P555
P883,P674
P1151,P399
P510,P400
P1114,P1131
P1413,P632
P975,P1222
P1033,P748
P1067,P200
P98,P558
P322,P211
P49,P832
P1116,P292
P230,P99
P779,P90
P67,P1318
P925,P713
P245,P736
P1150,P1007
P1227,P125
P1107,P96
P727,P1401
P492,P869
P1488,P804
P477,P635
P1294,P762
P706,P1010
P5,P1138
P836,P730
P860,P1142
P1079,P791
P671,P813
P494,P1319
P636,P328
P170,P660
P1153,P1482
P1449,P1414
P723,P259
P1090,P51
P131,P275
P1206,P1115
P163,P310
P1096,P347
P45,P450
P1173,P667
P1236,P978
P405,P977
P472,P1392
P1160,P1072
P70,P1330
P1407,P1435
P1414,P1215
P1419,P1289
P436,P1351
P36,P819
P291,P331
P848,P135
P943,P743
P142,P613
P393,P78
P37,P1381
P1167,P205
P1465,P1219
P668,P1219
P1020,P615
P500,P466
P389,P295
P1403,P552
P1198,P999
P1075,P656
P875,P291
P3,P278
P111,P866
P370,P744
P292,P1009
P1366,P192
P763,P1214
P1234,P82
P931,P553
P133,P935
P111,P175
P1240,P1001
P1423,P1337
P605,P186
P1188,P190
P1346,P723
P642,P808
P221,P39
P515,P986
P552,P822
P22,P510
P218,P154
P193,P643
P374,P854
P555,P1468
P334,P289
P1431,P783
P731,P526
P893,P282
P1215,P922
P731,P1317
P1369,P1475
P1220,P609
P1085,P185
P868,P1171
P1440,P273
P233,P943
P39,P315
P1070,P1183
P467,P823
P740,P90
P48,P1246
P1362,P990
P1400,P774
P424,P1028
P1201,P271
P1184,P773
P351,P300
P897,P698
P1317,P1327
P159,P1160
P1423,P1422
P508,P323
P746,P1034
P368,P524
P924,P816
P1399,P437
P788,P1163
P65,P336
P267,P346
P1016,P543
P450,P885
P1046,P1214
P1213,P1043
P833,P564
P349,P1333
P1110,P600
P89,P170
P328,P1072
P341,P1144
P810,P404
P1206,P134
P1468,P1266
P605,P686
P1478,P25
P565,P215
P356,P1079
P1175,P129
P1095,P820
P8,P1044
P220,P1125
P457,P1174
P642,P833
P501,P13
P1349,P991
P702,P1404
P1000,P1149
P585,P1243
P1215,P1159
P126,P490
P1065,P137
P478,P950
P1216,P1127
P611,P950
P731,P1300
P1497,P1101
P515,P269
P583,P1498
P1428,P593
P619,P154
P1363,P916
P6,P1370
P1148,P1013
P681,P93
P411,P1244
P2,P88
P402,P37
P526,P620
P1079,P781
P1013,P1145
P311,P803
P620,P1426
P962,P842
P1199,P1206
P1188,P1194
P543,P1277
P240,P816
P956,P655
P1145,P531
P982,P436
P24,P441
P80,P880
P1442,P1415
P823,P795
P1236,P1207
P974,P293
P1042,P1290
P1342,P349
P1026,P144
P1017,P345
P995,P1066
P169,P688
P825,P321
P344,P535
P1126,P1024
P311,P341
P397,P503
P678,P68
P371,P388
P132,P954
P1152,P8
P499,P1225
P1247,P926
P389,P318
P1471,P1167
P863,P1000
P810,P478
P782,P1291
P502,P804
P1124,P935
P1022,P370
P900,P914
P590,P344
P833,P1095
P1348,P573
P25,P212
P733,P253
P737,P1311
P968,P485
P55,P1329
P8,P966
P762,P584
P940,P376
P661,P1143
P882,P1172
P35,P1404
P742,P1420
P1317,P623
P622,P1436
P1189,P1432
P755,P1260
P1160,P291
P822,P850
P376,P1411
P1248,P990
P577,P448
P750,P1370
P1478,P66
P545,P423
P1164,P1187
P1443,P381
P849,P191
P1,P555
P484,P442
P31,P787
P1490,P251
P765,P120
P1226,P457
P1289,P559
P532,P547
P205,P267
P155,P849
P1238,P430
P171,P822
P421,P1076
P1103,P1215
P643,P1159
P1209,P1328
P465,P1393
P531,P676
P468,P1099
P1491,P100
P1164,P185
P1273,P989
P646,P282
P1260,P275
P59,P787
P545,P372
P570,P1315
P74,P586
P274,P660
P1068,P169
P415,P14
P903,P1015
P1119,P802
P1261,P963
P816,P149
P1201,P322
P1404,P779
P817,P1191
P348,P717
P1218,P864
P452,P412
P929,P159
P288,P1066
P531,P1386
P197,P279
P196,P1376
P728,P916
P1437,P210
P192,P7
P330,P760
P577,P284
P957,P1491
P832,P75
P680,P727
P573,P531
P57,P290
P1478,P175
P267,P260
P375,P376
P1146,P943
P864,P738
P1417,P627
P921,P55
P501,P12
P535,P559
P591,P905
P564,P351
P1216,P212
P3,P1235
P1311,P925
P289,P96
P219,P750
P1235,P615
P1256,P1107
P652,P533
P1211,P1076
P892,P160
P950,P715
P1085,P433
P1155,P381
P704,P43
P1181,P431
P35,P1300
P1378,P461
P950,P281
P663,P700
P219,P867
P1001,P1327
P1284,P521
P502,P733
P1327,P1149
P1045,P1381
P206,P1078
P1027,P1078
P755,P1445
P880,P122
P717,P72
P929,P861
P222,P771
P376,P1368
P881,P1107
P1336,P242
P296,P250
P45,P348
P981,P698
P1247,P1460
P341,P1437
P621,P940
P857,P165
P732,P379
P139,P239
P367,P981
P447,P1084
P874,P1263
P970,P1281
P598,P540
P952,P43
P815,P988
P600,P1210
P477,P75
P1469,P1272
P1333,P191
P84,P1227
P98,P473
P493,P570
P766,P996
P818,P652
P464,P989
P1362,P603
P328,P135
P19,P911
P47,P912
P1279,P1310
P131,P226
P940,P81
P692,P433
P1473,P422
P89,P273
P132,P1446
P161,P716
P138,P1122
P790,P267
P754,P717
P900,P843
P716,P1462
P261,P1425
P82,P927
P320,P225
P361,P97
P1393,P905
P545,P403
P1449,P384
P24,P1020
P519,P764
P1027,P290
P1316,P123
P998,P277
P589,P1167
P1126,P818
P1048,P395
P1094,P529
P1032,P461
P67,P632
P24,P1105
P1146,P721
P201,P1194
P1308,P871
P1336,P1355
P66,P118
P842,P1453
P1083,P977
P704,P501
P526,P849
P1216,P1337
P1173,P2
P108,P854
P625,P1247
P1198,P1287
P588,P20
P600,P288
P633,P137
P898,P1109
P247,P562
P256,P1086
P1303,P597
P1046,P622
P1137,P1058
P169,P1482
P158,P229
P784,P543
P822,P975
P652,P963
P717,P181
P1385,P1061
P931,P109
P604,P179
P1222,P945
P732,P711
P1286,P312
P683,P62
P871,P268
P218,P1441
P922,P551
P1355,P623
P399,P1378
P165,P184
P136,P341
P761,P910
P81,P1094
P1045,P896
P20,P887
P1182,P1356
P1283,P1121
P810,P1173
P1244,P1020
P1401,P1377
P1202,P90
P925,P1377
P891,P325
P1306,P426
P333,P704
P613,P978
P804,P629
P468,P949
P88,P350
P160,P524
P837,P49
P216,P614
P788,P1429
P822,P1164
P1437,P477
P1113,P169
P1243,P586
P607,P1039
P1071,P1478
P847,P1298
P432,P1411
P971,P13
P118,P907
P86,P1496
P634,P183
P1258,P85
P860,P44
P1186,P471
P1304,P1373
P1025,P93
P895,P375
P1209,P900
P1360,P98
P708,P353
P671,P795
P634,P837
P201,P1276
P861,P65
P1061,P757
P477,P1470
P216,P1218
P471,P626
P1030,P783
P10,P495
P1364,P815
P112,P379
P414,P1360
P1007,P1406
P1038,P407
P188,P801
P778,P235
P63,P1247
P1493,P453
P978,P819
P1116,P861
P832,P1142
P98,P741
P897,P510
P1036,P1475
P707,P502
P447,P5
P477,P972
P784,P17
P849,P966
P427,P1150
P624,P97
P41,P117
P1188,P107
P942,P718
P611,P18
P1191,P588
P1289,P881
P1357,P397
P1234,P1385
P1135,P482
P1362,P1366
P1358,P231
P826,P209
P1210,P46
P20,P446
P242,P794
P841,P447
P1097,P761
P136,P1342
P350,P105
P125,P20
P373,P1332
P822,P715
P385,P1240
P827,P1170
P481,P658
P658,P173
P587,P842
P717,P128
P872,P55
P1483,P220
P1429,P526
P774,P1160
P716,P1310
P1344,P331
P445,P231
P672,P704
P697,P86
P1305,P620
P191,P235
P118,P747
P644,P242
P548,P160
P773,P137
P938,P8
P1316,P336
P1014,P108
P1360,P1148
P600,P199
P826,P67
P327,P408
P1368,P23
P361,P1439
P717,P817
P594,P1133
P76,P243
P1459,P1490
P1412,P332
P691,P427
P988,P1466
P120,P318
P120,P706
P907,P38
P1058,P572
P1123,P519
P937,P894
P514,P357
P82,P149
P1130,P297
P734,P16
P42,P287
P662,P418
P1423,P958
P887,P908
P810,P666
P3,P906
P208,P807
P329,P383
P1167,P1374
P1441,P413
P1129,P1145
P210,P1274
P828,P273
P1130,P722
P155,P525
P651,P647
P1349,P379
P459,P550
P681,P304
P132,P148
P1135,P178
P330,P1053
P157,P382
P347,P384
P801,P693
P1410,P17
P821,P1098
P104,P162
P423,P355
P765,P1247
P1001,P15
P950,P597
P258,P1251
P913,P910
P1168,P687
P13,P269
P779,P457
P600,P377
P1097,P406
P793,P464
P759,P432
P164,P1183
P866,P994
P402,P600
P1169,P1392
P1493,P1224
P1331,P1152
P1187,P1093
P1076,P684
P1346,P1329
P238,P1084
P1326,P805
P1281,P1075
P198,P92
P956,P496
P723,P511
P411,P167
P1356,P1299
P760,P1156
P449,P912
P1063,P1023
P220,P32
P483,P488
P1266,P1032
P1210,P657
P972,P1037
P1361,P602
P845,P1228
P1357,P319
P395,P333
P373,P232
P1420,P1382
P1120,P595
P534,P1427
P510,P256
P769,P1247
P919,P628
P627,P645
P306,P1246
P1308,P1075
P410,P507
P641,P987
P751,P918
P139,P795
P282,P396
P904,P1048
P1216,P1043
P214,P454
P712,P872
P56,P944
P228,P379
P837,P398
P773,P322
P19,P1378
P107,P715
P1241,P968
P644,P165
P865,P1419
P637,P402
P1376,P499
P929,P827
P289,P1166
P671,P1432
P184,P852
P1105,P1270
P460,P1443
P1157,P1131
P1311,P335
P953,P773
P1031,P1423
P420,P376
P1035,P866
P465,P83
P888,P1307
P532,P1295
P1376,P1209
P473,P1248
P215,P157
P460,P636
P797,P362
P1146,P1163
P1289,P1482
P1011,P946
P675,P249
P1346,P464
P831,P560
P505,P805
P768,P1080
P398,P277
P518,P1239
P118,P773
P709,P432
P1258,P1125
P8,P1496
P874,P57
P444,P1073
P607,P1048
P944,P969
P1131,P691
P1465,P1221
P1387,P717
P914,P1150
P474,P230
P345,P1299
P1047,P1342
P341,P1476
P884,P1479
P605,P1356
P266,P520
P530,P565
P1024,P1456
P780,P141
P1439,P1489
P1383,P234
P1054,P252
P803,P346
P599,P1162
P500,P1493
P1423,P549
P1155,P441
P1414,P189
P1142,P182
P1095,P63
P1031,P136
P71,P1198
P1057,P682
P400,P959
P189,P686
P1280,P1084
P551,P1267
P852,P485
P542,P365
P1456,P1450
P335,P652
P325,P410
P1042,P367
P761,P9
P33,P269
P1109,P451
P417,P76
P226,P692
P1261,P165
P817,P516
P586,P36
P604,P878
P640,P423
P900,P1480
P247,P1150
P1121,P460
P1145,P821
P747,P1428
P885,P384
P1348,P938
P792,P1299
P529,P829
P690,P968
P166,P765
P1139,P1059
P1455,P1177
P484,P886
P1110,P466
P1014,P1413
P1276,P1270
P1116,P1078
P286,P206
P172,P1236
P972,P1035
P1098,P848
P1448,P602
P1391,P1021
P1316,P576
P575,P470
P107,P1375
P283,P893
P1487,P6
P1244,P107
P432,P244
P287,P772
P537,P876
P972,P441
P156,P530
P1195,P64
P1325,P589
P1339,P243
P737,P536
P35,P1195
P198,P1110
P151,P1171
P877,P805
P865,P581
P825,P303
P1366,P773
P1096,P1449
P150,P1011
P960,P1207
P193,P454
P1073,P915
P467,P1446
P420,P923
P766,P1407
P247,P1389
P1307,P287
P348,P150
P1178,P1228
P1311,P891
P976,P47
P463,P1003
P1000,P608
P71,P1341
P687,P403
P1151,P316
P354,P147
P226,P331
P86,P895
P612,P611
P257,P1349
P831,P789
P571,P133
P916,P962
P4,P603
P1187,P533
P701,P165
P1209,P1002
P1326,P930
P352,P930
P419,P697
P557,P137
P686,P704
P1147,P1034
P1285,P800
P697,P205
P1141,P576
P924,P1121
P620,P162
P658,P534
P448,P87
P1441,P1371
P594,P631
P1264,P387
P396,P375
P531,P49
P656,P1125
P1145,P625
P937,P952
P830,P593
P637,P1103
P1196,P401
P796,P1059
P978,P540
P1294,P671
P813,P1296
P532,P154
P1239,P579
P781,P1456
P948,P1040
P918,P1268
P1432,P1192
P501,P1085
P834,P1357
P1380,P183
P1430,P117
P734,P910
P338,P110
P190,P530
P904,P165
P948,P1063
P1389,P1316
P349,P1396
P887,P1019
P1217,P1256
P247,P45
P150,P626
P105,P1479
P863,P369
P685,P791
P1173,P524
P323,P1374
P25,P555
P471,P986
P182,P155
P607,P920
P143,P414
P1101,P429
P572,P521
P1029,P885
P1112,P1010
P587,P1054
P574,P866
P981,P701
P1447,P1048
P1383,P847
P1094,P578
P877,P11
P192,P856
P56,P146
P930,P697
P1332,P220
P1009,P205
P1190,P1033
P844,P1392
P971,P382
P162,P144
P946,P182
P636,P460
P792,P250
P1391,P1257
P1369,P1055
P818,P571
P825,P267
P1350,P77
P945,P1033
P666,P351
P284,P1204
P827,P948
P920,P1279
P456,P1210
P619,P1112
P1307,P844
P867,P631
P302,P1357
P1404,P1013
P1024,P1382
P1081,P841
P77,P1438
P651,P105
P446,P1141
P598,P923
P542,P874
P1391,P492
P48,P181
P713,P23
P184,P257
P402,P341
P369,P88
P1447,P185
P1173,P918
P722,P1469
P407,P428
P259,P940
P767,P408
P1349,P94
P44,P1352
P1269,P126
P1219,P995
P711,P161
P1299,P135
P533,P1362
P1410,P364
P975,P768
P611,P298
P1152,P759
P1405,P1338
P1208,P1055
P1005,P439
P1319,P344
P463,P859
P1091,P1172
P1470,P428
P1132,P662
P27,P331
P901,P521
P467,P966
P873,P1243
P1171,P1431
P597,P1195
P837,P1449
P710,P1410
P1270,P1261
P1465,P1264
P500,P1181
P1311,P93
P357,P661
P1050,P1377
P611,P1396
P1420,P144
P711,P334
P1032,P1282
P457,P1341
P927,P560
P729,P1188
P85,P1392
P203,P29
P156,P687
P1387,P1049
P1349,P108
P234,P426
P635,P1163
P22,P324
P844,P325
P1164,P1465
P449,P114
P457,P857
P629,P462
P549,P1249
P1312,P316
P1158,P441
P1119,P891
P1345,P398
P330,P1312
P1345,P406
P1177,P78
P1029,P12
P47,P859
P403,P724
P74,P1011
P1479,P981
P924,P1125
P1454,P997
P426,P741
P1367,P893
P1043,P697
P388,P764
P736,P601
P152,P1478
P408,P328
P788,P965
P354,P127
P1451,P57
P268,P964
P1475,P970
P521,P1287
P1370,P626
P657,P214
P916,P759
P1231,P631
P426,P293
P774,P523
P712,P202
P1101,P55
P925,P830
P26,P1317
P1261,P32
P963,P1349
P632,P1276
P185,P965
P886,P830
P26,P617
P678,P1193
P672,P1096
P6,P1398
P215,P266
P291,P1239
P1133,P1144
P1424,P490
P1094,P1317
P459,P232
P1048,P1128
P977,P169
P1172,P395
P525,P1074
P630,P608
P1055,P808
P53,P844
P706,P793
P1115,P27
P359,P863
P157,P1036
P646,P135
P945,P946
P93,P741
P730,P1190
P967,P1168
P1247,P313
P1207,P108
P484,P795
P762,P3
P1384,P1348
P171,P579
P141,P719
P725,P1087
P929,P566
P621,P1360
P925,P999
P560,P829
P187,P350
P1157,P375
P385,P814
P92,P638
P27,P1320
P1228,P174
P221,P944
P686,P759
P952,P760
P933,P1493
P1063,P772
P825,P980
P613,P538
P1430,P43
P1447,P423
P980,P971
P61,P370
P161,P866
P1377,P876
P878,P988
P885,P920
P362,P786
P1335,P954
P191,P134
P981,P1026
P1316,P206
P1354,P67
P1096,P808
P1344,P75
P619,P1089
P642,P1427
P1412,P135
P1293,P1111
P325,P1031
P612,P1154
P1101,P1260
P820,P842
P316,P1461
P177,P623
P64,P1051
P281,P515
P372,P456
P544,P594
P1096,P1359
P1285,P27
P325,P1354
P259,P1046
P770,P6
P950,P511
P344,P810
P1375,P197
P1488,P571
P753,P836
P1435,P283
P850,P94
P2,P608
P867,P875
P509,P363
P821,P1335
P670,P618
P320,P812
P932,P469
P1320,P22
P974,P961
P1121,P1120
P205,P317
P657,P1404
P639,P430
P371,P1197
P610,P1341
P943,P1485
P374,P8
P705,P1489
P286,P110
P29,P82
P251,P1183
P1250,P1209
P4,P1418
P1411,P666
P884,P773
P548,P1407
P1106,P50
P1368,P299
P1179,P1104
P38,P643
P573,P136
P8,P23
P108,P1190
P760,P898
P8,P1026
P36,P626
P1285,P1374
P760,P1455
P8,P288
P608,P1133
P1380,P439
P976,P86
P960,P989
P174,P1237
P620,P196
P455,P1437
P628,P964
P1404,P1259
P395,P1272
P69,P838
P1098,P830
P835,P222
P205,P1329
P1086,P1021
P534,P556
P973,P39
P871,P1133
P595,P1002
P134,P529
P1403,P667
P1484,P482
P1243,P941
P195,P1133
P813,P97
P830,P752
P817,P1
P818,P919
P677,P1105
P803,P614
P137,P1270
P1324,P784
P459,P1176
P911,P1298
P76,P252
P214,P1043
P185,P1002
P1333,P892
P515,P1387
P1162,P993
P786,P395
P360,P411
P1298,P378
P657,P1133
P77,P1051
P879,P928
P135,P121
P974,P707
P902,P1385
P676,P1347
P98,P919
P903,P263
P290,P1208
P448,P418
P373,P537
P1451,P177
P146,P1210
P1314,P1430
P228,P1404
P770,P539
P1416,P687
P15,P750
P316,P435
P720,P233
P1357,P1238
P427,P742
P1132,P843
P976,P70
P1373,P877
P604,P799
P534,P415
P407,P949
P385,P299
P695,P1425
P107,P1204
P505,P814
P1315,P519
P977,P1463
P386,P64
P105,P637
P779,P1154
P48,P382
P278,P614
P287,P1367
P460,P98
P293,P498
P569,P1226
P836,P582
P410,P1466
P243,P359
P838,P162
P69,P123
P1055,P290
P852,P934
P1186,P193
P1444,P1399
P534,P83
P1402,P477
P1112,P1224
P627,P474
P1499,P1500
P99,P945
P1348,P291
P919,P469
P361,P206
P740,P566
P962,P1139
P99,P1289
P383,P126
P1422,P178
P1097,P1490
P251,P912
P1297,P879
P1349,P370
P607,P939
P441,P1073
P1010,P790
P758,P572
P1100,P1191
P1469,P475
P648,P21
P672,P39
P333,P557
P1128,P760
P1145,P1008
P452,P653
P915,P659
P566,P67
P398,P1254
P146,P890
P786,P103
P525,P1095
P1139,P658
P1413,P76
P478,P1170
P426,P653
P169,P1111
P429,P503
P539,P337
P193,P1115
P1155,P1270
P375,P1130
P665,P189
P452,P964
P277,P1445
P810,P705
P636,P939
P710,P287
P1496,P228
P407,P35
P1443,P121
P1278,P115
P988,P1353
P37,P102
P888,P1197
P277,P1480
P382,P1149
P1099,P556
P858,P972
P889,P18
P1264,P47
P290,P938
P333,P504
P1130,P695
P501,P1478
P172,P606
P808,P335
P1222,P588
P190,P621
P902,P1039
P1302,P103
P167,P1259
P1262,P1258
P592,P127
P634,P626
P1432,P335
P402,P1388
P1314,P893
P201,P1489
P148,P966
P1195,P213
P615,P1439
P1084,P1107
P1262,P192
P1130,P890
P286,P1076
P158,P1009
P413,P809
P462,P641
P943,P253
P670,P537
P649,P438
P874,P877
P197,P593
P149,P1272
P709,P669
P162,P363
P1445,P126
P873,P800
P228,P1214
P1395,P38
P1047,P1164
P1232,P732
P280,P993
P713,P865
P277,P829
P150,P425
P1027,P747
P394,P1398
P576,P820
P537,P700
P527,P771
P327,P1270
P1363,P1071
