paper_id,keyword_id
P1,K252
P1,K208
P1,K213
P1,K203
P2,K197
P2,K251
P2,K158
P2,K37
P3,K20
P3,K64
P3,K198
P3,K290
P3,K84
P4,K224
P4,K131
P4,K179
P5,K251
P5,K189
P5,K30
P5,K198
P5,K218
P5,K127
P6,K245
P6,K18
P6,K186
P7,K76
P7,K134
P8,K234
P8,K76
P8,K131
P8,K127
P8,K297
P8,K83
P9,K60
P9,K48
P10,K204
P10,K42
P10,K266
P10,K97
P10,K217
P11,K219
P11,K130
P11,K155
P12,K273
P12,K196
P12,K158
P12,K211
P12,K46
P12,K56
P13,K177
P13,K74
P13,K138
P13,K108
P13,K204
P13,K158
P14,K87
P14,K252
P15,K50
P15,K36
P16,K269
P16,K214
P16,K148
P16,K221
P16,K88
P17,K192
P17,K96
P17,K69
P18,K250
P18,K94
P18,K258
P19,K231
P19,K291
P20,K96
P20,K103
P20,K31
P21,K99
P21,K133
P21,K210
P22,K56
P22,K86
P22,K41
P22,K151
P22,K44
P23,K64
P23,K142
P23,K33
P23,K176
P23,K16
P24,K121
P24,K245
P24,K249
P24,K52
P24,K5
P24,K32
P25,K4
P25,K299
P25,K22
P25,K50
P26,K268
P26,K4
P26,K193
P27,K267
P27,K137
P27,K249
P27,K243
P27,K173
P27,K220
P28,K190
P28,K176
P28,K162
P28,K123
P29,K205
P29,K194
P29,K30
P29,K183
P30,K52
P30,K2
P30,K234
P30,K206
P31,K14
P31,K63
P31,K272
P32,K128
P32,K189
P32,K232
P32,K244
P33,K212
P33,K97
P33,K2
P33,K165
P33,K9
P33,K185
P34,K167
P34,K228
P35,K249
P35,K205
P35,K42
P36,K220
P36,K244
P36,K52
P36,K198
P37,K100
P37,K74
P37,K267
P37,K293
P38,K17
P38,K66
P38,K255
P38,K45
P38,K155
P38,K281
P39,K87
P39,K229
P39,K60
P39,K247
P39,K277
P40,K125
P40,K109
P40,K88
P41,K55
P41,K223
P42,K83
P42,K168
P43,K144
P43,K113
P43,K132
P43,K244
P43,K64
P44,K274
P44,K252
P44,K47
P45,K115
P45,K295
P45,K34
P45,K176
P46,K196
P46,K288
P46,K224
P46,K120
P46,K115
P47,K60
P47,K149
P47,K45
P47,K58
P48,K175
P48,K97
P49,K294
P49,K189
P50,K161
P50,K195
P50,K296
P51,K160
P51,K32
P52,K275
P52,K98
P52,K199
P52,K217
P52,K164
P52,K187
P53,K267
P53,K114
P53,K55
P54,K5
P54,K276
P54,K236
P54,K162
P54,K75
P55,K113
P55,K256
P55,K234
P55,K76
P56,K146
P56,K75
P56,K18
P56,K164
P56,K159
P56,K258
P57,K141
P57,K294
P58,K111
P58,K254
P58,K150
P58,K193
P58,K31
P59,K79
P59,K108
P59,K116
P59,K27
P60,K250
P60,K201
P60,K154
P61,K12
P61,K281
P61,K201
P62,K217
P62,K243
P62,K179
P62,K201
P63,K37
P63,K271
P63,K145
P63,K100
P63,K281
P64,K50
P64,K68
P64,K166
P64,K298
P64,K28
P65,K235
P65,K84
P65,K296
P65,K71
P66,K248
P66,K150
P66,K75
P66,K108
P66,K112
P67,K5
P67,K186
P67,K295
P68,K76
P68,K193
P69,K87
P69,K29
P69,K50
P69,K183
P69,K243
P70,K27
P70,K61
P70,K264
P71,K223
P71,K77
P71,K207
P71,K126
P72,K61
P72,K124
P73,K251
P73,K155
P73,K89
P73,K193
P73,K46
P74,K196
P74,K141
P74,K228
P74,K189
P74,K6
P75,K60
P75,K43
P76,K251
P76,K261
P77,K12
P77,K294
P77,K246
P78,K49
P78,K93
P78,K197
P78,K248
P79,K153
P79,K293
P79,K65
P79,K51
P79,K167
P80,K276
P80,K95
P81,K11
P81,K202
P81,K285
P81,K275
P81,K272
P82,K33
P82,K266
P82,K300
P82,K276
P82,K64
P83,K61
P83,K93
P83,K3
P84,K229
P84,K161
P84,K63
P84,K21
P84,K66
P84,K295
P85,K83
P85,K45
P85,K288
P86,K18
P86,K44
P86,K64
P86,K260
P87,K187
P87,K279
P87,K88
P87,K217
P88,K128
P88,K154
P89,K266
P89,K151
P90,K228
P90,K72
P90,K296
P90,K252
P90,K161
P90,K268
P91,K276
P91,K262
P91,K108
P91,K51
P92,K122
P92,K19
P93,K73
P93,K154
P93,K111
P94,K283
P94,K111
P94,K184
P95,K66
P95,K217
P95,K39
P95,K282
P96,K134
P96,K196
P96,K84
P96,K205
P97,K43
P97,K131
P97,K218
P97,K74
P97,K275
P98,K37
P98,K138
P98,K99
P99,K289
P99,K262
P99,K84
P99,K215
P100,K162
P100,K223
P100,K195
P101,K127
P101,K40
P102,K64
P102,K273
P102,K57
P102,K281
P103,K34
P103,K169
P103,K46
P103,K186
P103,K171
P104,K75
P104,K116
P104,K141
P104,K6
P105,K194
P105,K114
P106,K54
P106,K64
P106,K90
P106,K270
P106,K157
P107,K251
P107,K49
P107,K271
P107,K179
P107,K293
P107,K145
P108,K139
P108,K51
P108,K25
P108,K88
P108,K163
P108,K200
P109,K177
P109,K273
P109,K283
P110,K207
P110,K245
P110,K66
P110,K133
P110,K5
P110,K263
P111,K65
P111,K74
P111,K194
P112,K137
P112,K28
P112,K190
P112,K128
P112,K215
P112,K235
P113,K225
P113,K182
P113,K240
P114,K147
P114,K142
P114,K220
P114,K267
P114,K118
P114,K157
P115,K157
P115,K209
P116,K47
P116,K41
P116,K40
P116,K123
P117,K85
P117,K295
P118,K44
P118,K147
P119,K253
P119,K6
P119,K218
P119,K261
P119,K70
P119,K246
P120,K264
P120,K273
P120,K64
P120,K208
P120,K8
P121,K98
P121,K4
P121,K218
P121,K274
P121,K177
P121,K126
P122,K22
P122,K230
P122,K87
P122,K269
P122,K116
P122,K90
P123,K188
P123,K69
P124,K181
P124,K27
P124,K217
P124,K254
P124,K195
P124,K88
P125,K58
P125,K174
P125,K128
P125,K277
P126,K149
P126,K154
P127,K151
P127,K136
P127,K110
P127,K2
P127,K292
P128,K112
P128,K157
P128,K264
P128,K19
P128,K238
P129,K250
P129,K30
P129,K183
P129,K4
P129,K236
P129,K169
P130,K182
P130,K55
P130,K3
P130,K180
P131,K206
P131,K182
P131,K5
P132,K221
P132,K252
P133,K44
P133,K271
P133,K264
P134,K211
P134,K64
P134,K250
P135,K80
P135,K129
P136,K241
P136,K203
P136,K192
P137,K187
P137,K220
P137,K94
P137,K275
P138,K56
P138,K225
P138,K83
P138,K72
P139,K223
P139,K3
P139,K184
P139,K102
P140,K98
P140,K146
P141,K69
P141,K203
P142,K170
P142,K17
P142,K83
P142,K102
P142,K246
P143,K61
P143,K216
P143,K251
P143,K282
P144,K66
P144,K167
P144,K205
P144,K257
P144,K200
P145,K57
P145,K56
P145,K11
P146,K80
P146,K177
P146,K257
P147,K122
P147,K27
P148,K220
P148,K5
P148,K223
P148,K246
P149,K145
P149,K249
P149,K43
P149,K220
P150,K79
P150,K262
P150,K96
P151,K144
P151,K59
P151,K135
P152,K220
P152,K102
P152,K243
P153,K258
P153,K93
P154,K77
P154,K118
P154,K62
P155,K206
P155,K20
P155,K141
P156,K75
P156,K219
P156,K10
P157,K103
P157,K47
P157,K27
P157,K195
P157,K209
P157,K269
P158,K119
P158,K114
P158,K173
P158,K219
P159,K32
P159,K262
P159,K219
P159,K27
P159,K156
P160,K138
P160,K187
P161,K180
P161,K215
P161,K127
P161,K164
P162,K94
P162,K21
P163,K27
P163,K165
P164,K147
P164,K242
P164,K144
P165,K52
P165,K221
P165,K95
P165,K130
P165,K252
P165,K187
P166,K156
P166,K58
P166,K50
P166,K7
P167,K67
P167,K170
P167,K185
P167,K186
P167,K271
P167,K191
P168,K142
P168,K108
P168,K300
P169,K45
P169,K55
P169,K67
P169,K62
P169,K22
P170,K98
P170,K99
P170,K229
P170,K51
P170,K39
P170,K280
P171,K176
P171,K155
P171,K243
P171,K104
P171,K274
P171,K79
P172,K66
P172,K99
P173,K282
P173,K130
P173,K287
P173,K178
P173,K188
P174,K61
P174,K224
P174,K35
P174,K248
P174,K215
P175,K258
P175,K12
P175,K86
P175,K141
P175,K67
P175,K149
P176,K290
P176,K32
P177,K204
P177,K254
P177,K273
P178,K39
P178,K85
P178,K225
P178,K261
P178,K197
P178,K288
P179,K206
P179,K140
P179,K106
P179,K95
P179,K2
P180,K293
P180,K112
P180,K5
P181,K234
P181,K258
P181,K269
P181,K133
P181,K156
P181,K113
P182,K138
P182,K283
P182,K61
P182,K88
P183,K24
P183,K274
P183,K122
P184,K21
P184,K76
P184,K143
P184,K69
P185,K27
P185,K128
P185,K108
P185,K274
P186,K1
P186,K178
P187,K189
P187,K167
P187,K43
P187,K282
P187,K136
P187,K69
P188,K151
P188,K167
P188,K30
P188,K6
P188,K183
P189,K144
P189,K91
P189,K132
P190,K276
P190,K299
P191,K196
P191,K132
P192,K283
P192,K106
P192,K227
P192,K113
P192,K167
P192,K138
P193,K298
P193,K203
P193,K80
P194,K119
P194,K223
P194,K189
P194,K76
P194,K246
P195,K254
P195,K93
P196,K95
P196,K91
P196,K97
P196,K292
P196,K252
P197,K145
P197,K11
P197,K159
P198,K91
P198,K202
P198,K97
P199,K74
P199,K37
P200,K126
P200,K233
P200,K207
P200,K52
P200,K270
P201,K7
P201,K52
P201,K194
P202,K11
P202,K57
P202,K7
P202,K23
P202,K68
P203,K43
P203,K138
P203,K74
P204,K7
P204,K5
P204,K55
P204,K278
P204,K174
P204,K44
P205,K72
P205,K246
P205,K289
P206,K84
P206,K158
P206,K170
P206,K246
P206,K80
P207,K29
P207,K279
P207,K137
P208,K64
P208,K11
P208,K23
P208,K53
P208,K279
P208,K152
P209,K262
P209,K213
P210,K1
P210,K115
P210,K13
P211,K219
P211,K198
P211,K76
P212,K147
P212,K116
P212,K197
P212,K58
P213,K87
P213,K57
P213,K115
P213,K53
P213,K145
P214,K40
P214,K171
P214,K61
P214,K185
P215,K23
P215,K78
P216,K220
P216,K272
P216,K172
P217,K93
P217,K218
P217,K77
P217,K155
P217,K147
P217,K179
P218,K139
P218,K256
P219,K136
P219,K40
P219,K2
P219,K77
P220,K164
P220,K76
P220,K200
P221,K245
P221,K35
P221,K58
P221,K296
P221,K219
P222,K75
P222,K47
P222,K166
P222,K66
P223,K198
P223,K181
P223,K164
P224,K218
P224,K247
P224,K212
P224,K171
P224,K71
P225,K197
P225,K215
P225,K282
P226,K276
P226,K274
P226,K253
P226,K273
P226,K275
P227,K197
P227,K43
P227,K298
P228,K270
P228,K296
P228,K113
P228,K45
P228,K121
P229,K2
P229,K105
P229,K9
P229,K186
P230,K243
P230,K69
P230,K57
P230,K31
P230,K179
P230,K185
P231,K151
P231,K236
P231,K74
P232,K216
P232,K125
P232,K108
P232,K115
P232,K29
P232,K71
P233,K74
P233,K194
P234,K218
P234,K191
P235,K55
P235,K298
P236,K245
P236,K81
P237,K76
P237,K188
P238,K41
P238,K126
P238,K40
P239,K292
P239,K214
P240,K94
P240,K241
P240,K72
P241,K154
P241,K241
P241,K211
P241,K173
P241,K228
P241,K7
P242,K57
P242,K80
P242,K31
P242,K17
P243,K89
P243,K258
P243,K83
P243,K6
P243,K203
P243,K217
P244,K284
P244,K133
P244,K293
P244,K257
P244,K157
P245,K217
P245,K81
P245,K140
P246,K268
P246,K194
P247,K109
P247,K206
P247,K29
P248,K201
P248,K95
P248,K287
P249,K40
P249,K240
P249,K245
P249,K161
P249,K208
P249,K195
P250,K28
P250,K191
P250,K218
P251,K139
P251,K56
P251,K54
P252,K186
P252,K172
P253,K123
P253,K145
P254,K278
P254,K55
P254,K34
P255,K6
P255,K159
P255,K97
P256,K104
P256,K17
P256,K124
P256,K138
P256,K44
P256,K292
P257,K23
P257,K289
P257,K248
P257,K24
P257,K25
P257,K162
P258,K159
P258,K5
P259,K145
P259,K204
P259,K257
P259,K100
P260,K201
P260,K183
P260,K67
P260,K50
P261,K209
P261,K258
P261,K52
P261,K77
P262,K196
P262,K245
P263,K20
P263,K149
P263,K83
P263,K78
P263,K238
P263,K41
P264,K119
P264,K111
P265,K83
P265,K257
P265,K265
P266,K268
P266,K175
P266,K230
P266,K68
P266,K174
P266,K149
P267,K221
P267,K21
P267,K199
P267,K123
P268,K39
P268,K79
P268,K291
P269,K50
P269,K8
P269,K74
P269,K159
P269,K281
P270,K256
P270,K49
P271,K161
P271,K87
P271,K152
P271,K83
P271,K35
P272,K296
P272,K187
P272,K181
P272,K46
P273,K92
P273,K236
P274,K243
P274,K132
P274,K227
P274,K72
P275,K292
P275,K250
P276,K187
P276,K147
P277,K210
P277,K67
P277,K226
P277,K188
P277,K263
P278,K161
P278,K192
P278,K43
P278,K212
P278,K260
P278,K231
P279,K22
P279,K30
P279,K126
P279,K288
P280,K80
P280,K54
P281,K193
P281,K82
P281,K292
P281,K205
P282,K115
P282,K199
P283,K48
P283,K179
P283,K239
P283,K240
P283,K274
P284,K56
P284,K44
P284,K93
P284,K204
P284,K222
P285,K206
P285,K169
P285,K34
P286,K176
P286,K249
P286,K109
P286,K244
P287,K143
P287,K233
P288,K280
P288,K80
P289,K75
P289,K110
P289,K164
P289,K291
P289,K17
P290,K195
P290,K32
P290,K186
P290,K221
P290,K243
P290,K110
P291,K109
P291,K12
P292,K139
P292,K130
P292,K91
P292,K43
P292,K73
P293,K141
P293,K208
P294,K153
P294,K232
P295,K269
P295,K110
P295,K133
P295,K95
P295,K28
P296,K220
P296,K176
P297,K85
P297,K102
P297,K179
P297,K215
P298,K244
P298,K275
P298,K83
P298,K224
P298,K182
P299,K200
P299,K6
P299,K288
P299,K102
P299,K40
P299,K297
P300,K75
P300,K166
P300,K163
P300,K8
P300,K78
P300,K235
P301,K256
P301,K163
P301,K59
P302,K135
P302,K267
P302,K2
P302,K231
P302,K65
P303,K297
P303,K50
P303,K19
P303,K112
P303,K97
P304,K280
P304,K86
P304,K194
P304,K111
P304,K179
P305,K98
P305,K296
P305,K8
P306,K187
P306,K9
P306,K155
P306,K158
P307,K64
P307,K256
P307,K234
P307,K212
P307,K211
P307,K181
P308,K278
P308,K219
P308,K268
P308,K172
P309,K91
P309,K235
P310,K192
P310,K91
P310,K284
P310,K84
P310,K278
P311,K196
P311,K146
P311,K224
P311,K51
P311,K45
P312,K46
P312,K9
P313,K211
P313,K54
P313,K255
P313,K279
P313,K52
P313,K228
P314,K298
P314,K17
P314,K149
P314,K216
P314,K109
P314,K115
P315,K283
P315,K196
P315,K59
P315,K101
P315,K241
P316,K180
P316,K238
P317,K203
P317,K4
P317,K192
P317,K115
P317,K260
P318,K138
P318,K136
P318,K158
P318,K213
P319,K3
P319,K213
P319,K17
P320,K14
P320,K79
P321,K266
P321,K163
P321,K172
P321,K88
P322,K221
P322,K124
P322,K285
P322,K201
P322,K99
P322,K202
P323,K296
P323,K220
P324,K200
P324,K89
P324,K207
P325,K265
P325,K82
P325,K224
P325,K119
P326,K65
P326,K259
P327,K296
P327,K201
P328,K284
P328,K82
P328,K166
P328,K105
P329,K48
P329,K14
P330,K6
P330,K79
P330,K15
P330,K279
P330,K41
P331,K196
P331,K13
P331,K67
P331,K233
P331,K184
P331,K96
P332,K114
P332,K153
P332,K100
P333,K126
P333,K194
P333,K134
P333,K27
P333,K141
P333,K43
P334,K12
P334,K297
P334,K53
P335,K236
P335,K63
P336,K73
P336,K145
P337,K93
P337,K48
P337,K40
P337,K254
P338,K107
P338,K201
P338,K52
P338,K252
P339,K212
P339,K38
P340,K40
P340,K108
P340,K215
P340,K193
P340,K161
P341,K83
P341,K93
P341,K153
P341,K6
P341,K92
P342,K17
P342,K61
P342,K176
P342,K178
P342,K248
P342,K280
P343,K82
P343,K268
P344,K63
P344,K99
P344,K16
P344,K275
P345,K266
P345,K263
P346,K111
P346,K187
P346,K59
P347,K16
P347,K168
P347,K71
P348,K43
P348,K65
P348,K138
P349,K247
P349,K103
P349,K48
P349,K179
P350,K151
P350,K240
P350,K254
P350,K224
P350,K263
P350,K205
P351,K129
P351,K89
P351,K102
P352,K202
P352,K53
P352,K299
P352,K160
P353,K106
P353,K250
P353,K222
P354,K217
P354,K140
P354,K164
P354,K56
P354,K197
P355,K103
P355,K291
P355,K181
P355,K192
P355,K33
P356,K86
P356,K18
P356,K262
P356,K130
P356,K210
P357,K272
P357,K181
P357,K204
P357,K16
P358,K93
P358,K166
P359,K96
P359,K184
P359,K126
P359,K38
P359,K111
P360,K191
P360,K75
P360,K161
P360,K63
P361,K164
P361,K6
P362,K110
P362,K239
P362,K291
P362,K165
P363,K288
P363,K34
P363,K198
P364,K109
P364,K270
P364,K112
P364,K53
P365,K143
P365,K39
P365,K294
P365,K216
P365,K223
P365,K163
P366,K102
P366,K101
P366,K26
P366,K253
P367,K24
P367,K141
P367,K216
P367,K62
P367,K64
P368,K88
P368,K168
P368,K197
P368,K122
P368,K296
P369,K146
P369,K10
P370,K3
P370,K237
P370,K146
P370,K68
P370,K207
P370,K19
P371,K271
P371,K21
P371,K173
P371,K9
P371,K36
P371,K241
P372,K213
P372,K155
P373,K163
P373,K178
P373,K205
P373,K41
P374,K161
P374,K253
P374,K25
P374,K202
P374,K153
P374,K233
P375,K63
P375,K192
P375,K53
P375,K15
P375,K115
P376,K6
P376,K72
P377,K166
P377,K224
P378,K88
P378,K46
P378,K98
P379,K276
P379,K3
P379,K27
P379,K133
P380,K57
P380,K25
P381,K39
P381,K136
P381,K169
P381,K195
P382,K88
P382,K71
P382,K299
P382,K236
P383,K65
P383,K164
P384,K300
P384,K212
P384,K229
P385,K268
P385,K271
P386,K296
P386,K245
P386,K251
P387,K165
P387,K248
P387,K116
P387,K48
P388,K152
P388,K43
P388,K181
P388,K286
P389,K106
P389,K40
P389,K39
P390,K31
P390,K109
P390,K7
P390,K111
P390,K240
P391,K97
P391,K250
P391,K54
P391,K175
P391,K107
P392,K271
P392,K264
P392,K161
P392,K160
P392,K233
P392,K79
P393,K55
P393,K67
P393,K113
P393,K187
P393,K198
P393,K232
P394,K263
P394,K104
P394,K205
P394,K97
P394,K36
P394,K143
P395,K85
P395,K158
P395,K296
P395,K53
P395,K76
P396,K55
P396,K57
P396,K124
P396,K9
P396,K236
P397,K137
P397,K15
P397,K244
P398,K232
P398,K181
P398,K136
P398,K61
P398,K282
P398,K44
P399,K221
P399,K109
P399,K78
P399,K204
P400,K221
P400,K261
P400,K171
P400,K28
P400,K226
P400,K140
P401,K51
P401,K26
P401,K196
P401,K217
P402,K151
P402,K97
P402,K207
P403,K142
P403,K272
P403,K253
P404,K222
P404,K56
P404,K26
P404,K128
P404,K57
P404,K113
P405,K28
P405,K19
P406,K137
P406,K123
P406,K34
P406,K273
P406,K52
P406,K142
P407,K208
P407,K201
P407,K202
P408,K113
P408,K138
P409,K106
P409,K88
P409,K105
P409,K178
P409,K148
P410,K148
P410,K2
P410,K49
P410,K95
P410,K258
P410,K245
P411,K123
P411,K88
P411,K162
P411,K36
P412,K96
P412,K171
P412,K234
P413,K7
P413,K243
P413,K220
P414,K11
P414,K91
P414,K136
P414,K40
P415,K5
P415,K181
P415,K243
P416,K1
P416,K251
P416,K127
P416,K242
P416,K57
P416,K24
P417,K291
P417,K149
P418,K269
P418,K258
P418,K86
P419,K49
P419,K52
P419,K156
P420,K232
P420,K252
P420,K180
P420,K280
P421,K250
P421,K130
P421,K187
P421,K235
P422,K181
P422,K155
P423,K266
P423,K248
P423,K58
P423,K139
P424,K11
P424,K76
P424,K211
P424,K113
P424,K73
P424,K183
P425,K16
P425,K126
P425,K296
P425,K221
P425,K185
P426,K46
P426,K100
P426,K194
P427,K141
P427,K279
P428,K270
P428,K90
P428,K136
P428,K179
P428,K170
P429,K214
P429,K142
P429,K159
P429,K98
P429,K22
P430,K267
P430,K176
P430,K63
P430,K222
P430,K233
P430,K291
P431,K148
P431,K57
P431,K5
P431,K256
P432,K239
P432,K77
P432,K268
P433,K286
P433,K84
P433,K156
P433,K250
P434,K34
P434,K151
P434,K8
P434,K233
P435,K112
P435,K145
P436,K64
P436,K28
P436,K251
P436,K157
P436,K3
P436,K221
P437,K1
P437,K26
P437,K129
P437,K71
P438,K146
P438,K258
P438,K288
P438,K80
P439,K139
P439,K74
P440,K222
P440,K300
P440,K42
P441,K113
P441,K17
P441,K243
P441,K182
P442,K198
P442,K217
P442,K205
P443,K134
P443,K155
P444,K160
P444,K89
P444,K289
P444,K224
P444,K166
P444,K297
P445,K103
P445,K129
P445,K70
P446,K284
P446,K103
P446,K155
P446,K157
P446,K44
P447,K291
P447,K237
P447,K280
P447,K94
P448,K224
P448,K50
P448,K71
P448,K270
P448,K227
P449,K258
P449,K184
P449,K240
P449,K182
P450,K239
P450,K216
P450,K211
P450,K237
P450,K15
P451,K14
P451,K216
P451,K46
P451,K72
P451,K155
P451,K125
P452,K263
P452,K192
P452,K66
P452,K279
P452,K290
P452,K151
P453,K202
P453,K65
P454,K4
P454,K237
P454,K266
P454,K236
P454,K28
P455,K29
P455,K139
P456,K171
P456,K50
P457,K290
P457,K247
P457,K170
P457,K32
P458,K300
P458,K262
P459,K105
P459,K265
P460,K288
P460,K254
P460,K70
P461,K80
P461,K155
P461,K160
P462,K249
P462,K103
P463,K35
P463,K1
P464,K62
P464,K267
P464,K50
P465,K105
P465,K54
P465,K243
P466,K259
P466,K228
P467,K29
P467,K63
P467,K154
P467,K208
P467,K248
P468,K121
P468,K280
P468,K134
P469,K225
P469,K64
P469,K222
P469,K75
P469,K12
P469,K95
P470,K124
P470,K88
P470,K262
P471,K103
P471,K244
P471,K246
P471,K149
P471,K52
P471,K253
P472,K141
P472,K201
P472,K198
P472,K55
P473,K214
P473,K218
P473,K76
P473,K15
P473,K146
P474,K62
P474,K289
P474,K200
P474,K6
P474,K298
P475,K18
P475,K228
P475,K22
P475,K182
P476,K240
P476,K235
P476,K142
P477,K82
P477,K184
P478,K258
P478,K108
P478,K179
P478,K269
P478,K200
P478,K263
P479,K90
P479,K78
P480,K289
P480,K174
P480,K236
P480,K72
P481,K156
P481,K202
P481,K35
P481,K248
P482,K242
P482,K93
P482,K295
P482,K260
P482,K270
P483,K67
P483,K166
P483,K298
P483,K179
P484,K207
P484,K35
P484,K24
P484,K16
P484,K82
P484,K119
P485,K55
P485,K256
P486,K166
P486,K119
P486,K122
P486,K54
P486,K90
P487,K216
P487,K33
P487,K32
P487,K129
P487,K59
P488,K38
P488,K227
P489,K16
P489,K90
P489,K165
P489,K56
P490,K194
P490,K69
P490,K294
P490,K285
P490,K103
P491,K130
P491,K252
P491,K225
P492,K116
P492,K104
P492,K83
P492,K223
P493,K99
P493,K45
P493,K299
P493,K13
P493,K50
P493,K105
P494,K72
P494,K3
P495,K209
P495,K291
P495,K280
P495,K37
P496,K95
P496,K271
P496,K255
P496,K98
P497,K293
P497,K243
P497,K257
P498,K183
P498,K287
P498,K71
P498,K35
P499,K219
P499,K193
P499,K37
P499,K292
P499,K41
P500,K265
P500,K153
P500,K52
P501,K256
P501,K119
P502,K277
P502,K170
P503,K115
P503,K149
P504,K200
P504,K184
P504,K35
P504,K81
P505,K39
P505,K274
P505,K295
P505,K124
P506,K257
P506,K160
P506,K205
P506,K30
P506,K280
P506,K57
P507,K242
P507,K135
P507,K16
P507,K17
P507,K174
P507,K216
P508,K103
P508,K172
P508,K31
P508,K72
P509,K281
P509,K169
P509,K32
P510,K253
P510,K38
P510,K289
P511,K19
P511,K178
P511,K37
P511,K214
P511,K42
P511,K283
P512,K67
P512,K139
P512,K22
P512,K54
P512,K19
P513,K260
P513,K116
P513,K180
P513,K221
P513,K245
P514,K117
P514,K11
P514,K29
P514,K14
P515,K274
P515,K195
P515,K10
P516,K247
P516,K27
P516,K199
P516,K194
P516,K65
P516,K221
P517,K282
P517,K71
P517,K60
P517,K225
P517,K61
P518,K189
P518,K181
P518,K100
P518,K176
P518,K224
P518,K30
P519,K119
P519,K48
P519,K6
P520,K212
P520,K275
P520,K291
P521,K8
P521,K128
P522,K40
P522,K30
P523,K225
P523,K93
P523,K145
P524,K161
P524,K180
P525,K126
P525,K150
P525,K67
P525,K204
P525,K246
P525,K63
P526,K40
P526,K129
P527,K106
P527,K254
P527,K183
P527,K113
P527,K228
P527,K155
P528,K283
P528,K150
P528,K126
P528,K270
P529,K164
P529,K278
P529,K258
P529,K54
P530,K178
P530,K211
P531,K249
P531,K144
P531,K41
P531,K105
P531,K71
P531,K267
P532,K157
P532,K284
P532,K108
P533,K191
P533,K73
P534,K121
P534,K226
P535,K59
P535,K11
P535,K256
P535,K18
P535,K139
P536,K197
P536,K154
P536,K44
P536,K31
P537,K197
P537,K254
P537,K10
P537,K196
P538,K228
P538,K23
P538,K115
P538,K106
P538,K195
P539,K221
P539,K273
P539,K27
P540,K17
P540,K278
P540,K179
P540,K14
P541,K173
P541,K135
P541,K111
P541,K15
P541,K175
P541,K223
P542,K30
P542,K56
P542,K284
P542,K199
P542,K148
P543,K238
P543,K218
P543,K294
P543,K291
P543,K266
P543,K134
P544,K196
P544,K240
P544,K122
P545,K8
P545,K144
P545,K141
P546,K128
P546,K278
P547,K173
P547,K293
P547,K203
P547,K20
P548,K141
P548,K186
P548,K138
P548,K129
P548,K7
P548,K64
P549,K292
P549,K165
P549,K136
P549,K92
P550,K237
P550,K9
P550,K226
P550,K5
P550,K239
P551,K184
P551,K246
P552,K112
P552,K210
P552,K30
P552,K297
P552,K41
P552,K142
P553,K283
P553,K161
P553,K33
P553,K226
P553,K93
P553,K133
P554,K133
P554,K254
P554,K66
P554,K117
P555,K76
P555,K26
P555,K120
P556,K20
P556,K95
P557,K226
P557,K297
P557,K163
P557,K22
P557,K284
P557,K117
P558,K133
P558,K132
P559,K181
P559,K277
P560,K121
P560,K180
P561,K40
P561,K260
P562,K58
P562,K262
P562,K40
P562,K122
P562,K105
P563,K293
P563,K191
P563,K213
P563,K37
P564,K145
P564,K74
P564,K13
P564,K168
P564,K185
P565,K209
P565,K192
P565,K241
P565,K151
P566,K16
P566,K83
P566,K189
P566,K23
P566,K149
P566,K77
P567,K14
P567,K55
P567,K109
P567,K161
P567,K262
P567,K261
P568,K177
P568,K111
P568,K194
P568,K299
P568,K17
P568,K77
P569,K41
P569,K40
P569,K115
P569,K290
P569,K258
P570,K281
P570,K215
P570,K276
P570,K63
P570,K271
P570,K27
P571,K242
P571,K269
P571,K267
P571,K226
P571,K163
P571,K138
P572,K295
P572,K151
P572,K125
P573,K125
P573,K186
P573,K119
P573,K234
P574,K60
P574,K124
P574,K228
P574,K210
P575,K41
P575,K181
P575,K287
P575,K259
P576,K186
P576,K248
P577,K118
P577,K230
P577,K215
P577,K292
P577,K65
P577,K276
P578,K209
P578,K300
P578,K71
P579,K134
P579,K147
P579,K175
P579,K161
P579,K61
P579,K42
P580,K216
P580,K259
P580,K76
P580,K295
P580,K254
P581,K93
P581,K233
P581,K8
P582,K62
P582,K215
P582,K135
P583,K241
P583,K52
P583,K65
P583,K18
P583,K221
P583,K13
P584,K38
P584,K68
P584,K264
P585,K199
P585,K217
P585,K182
P585,K66
P585,K206
P585,K286
P586,K151
P586,K61
P586,K173
P587,K56
P587,K24
P587,K38
P587,K182
P588,K210
P588,K231
P588,K224
P588,K149
P588,K245
P589,K94
P589,K261
P589,K43
P590,K4
P590,K190
P590,K233
P591,K165
P591,K225
P591,K91
P591,K261
P591,K144
P592,K119
P592,K153
P593,K175
P593,K25
P593,K289
P593,K266
P593,K269
P594,K261
P594,K219
P594,K147
P594,K166
P594,K197
P594,K164
P595,K74
P595,K22
P595,K108
P596,K266
P596,K143
P596,K295
P596,K161
P596,K51
P597,K146
P597,K85
P597,K61
P597,K148
P598,K250
P598,K225
P598,K115
P598,K87
P599,K133
P599,K55
P599,K119
P599,K143
P600,K50
P600,K106
P600,K283
P601,K87
P601,K15
P601,K21
P601,K277
P601,K276
P601,K100
P602,K251
P602,K14
P603,K105
P603,K145
P603,K293
P603,K219
P604,K267
P604,K65
P604,K233
P604,K152
P604,K57
P605,K228
P605,K222
P606,K135
P606,K45
P606,K71
P606,K143
P606,K60
P607,K41
P607,K114
P607,K39
P607,K168
P608,K260
P608,K172
P608,K142
P609,K263
P609,K38
P609,K162
P609,K20
P609,K222
P610,K267
P610,K163
P611,K286
P611,K19
P611,K5
P612,K71
P612,K193
P612,K113
P613,K136
P613,K241
P613,K78
P614,K96
P614,K255
P614,K145
P614,K68
P614,K102
P615,K265
P615,K110
P616,K223
P616,K35
P617,K286
P617,K107
P617,K92
P617,K20
P617,K215
P618,K195
P618,K299
P618,K121
P618,K179
P619,K272
P619,K93
P619,K154
P619,K119
P619,K150
P620,K251
P620,K201
P620,K183
P620,K279
P620,K247
P621,K50
P621,K113
P621,K58
P621,K148
P622,K229
P622,K167
P622,K127
P622,K218
P622,K60
P623,K238
P623,K164
P623,K59
P624,K204
P624,K66
P624,K248
P624,K251
P625,K211
P625,K121
P625,K15
P625,K149
P625,K138
P625,K260
P626,K210
P626,K32
P626,K288
P627,K134
P627,K163
P627,K211
P627,K201
P628,K218
P628,K205
P628,K134
P628,K28
P628,K138
P629,K113
P629,K174
P629,K24
P629,K158
P629,K230
P630,K114
P630,K294
P630,K86
P630,K275
P630,K106
P631,K169
P631,K67
P632,K277
P632,K11
P632,K195
P632,K47
P632,K171
P632,K181
P633,K33
P633,K26
P633,K266
P633,K108
P633,K186
P633,K275
P634,K81
P634,K275
P634,K203
P635,K149
P635,K83
P635,K192
P636,K212
P636,K111
P636,K284
P636,K128
P637,K19
P637,K11
P638,K53
P638,K257
P638,K204
P638,K249
P638,K22
P638,K81
P639,K155
P639,K13
P639,K118
P639,K127
P640,K140
P640,K64
P641,K206
P641,K68
P641,K139
P641,K44
P641,K40
P642,K259
P642,K213
P643,K8
P643,K278
P644,K78
P644,K49
P644,K201
P644,K100
P644,K160
P644,K166
P645,K263
P645,K12
P645,K155
P645,K141
P645,K235
P646,K52
P646,K136
P646,K296
P647,K193
P647,K150
P647,K220
P647,K48
P647,K114
P648,K288
P648,K143
P648,K248
P648,K146
P648,K274
P649,K126
P649,K196
P649,K9
P649,K255
P649,K202
P649,K191
P650,K56
P650,K232
P650,K115
P650,K296
P650,K13
P650,K204
P651,K229
P651,K190
P651,K245
P652,K56
P652,K160
P652,K171
P652,K74
P652,K43
P652,K49
P653,K87
P653,K107
P653,K251
P653,K128
P653,K43
P653,K73
P654,K243
P654,K268
P654,K291
P654,K120
P654,K31
P655,K130
P655,K211
P655,K160
P655,K173
P655,K78
P656,K165
P656,K290
P657,K209
P657,K3
P657,K138
P657,K108
P657,K288
P657,K251
P658,K256
P658,K161
P658,K121
P658,K165
P658,K237
P658,K248
P659,K285
P659,K42
P659,K54
P659,K218
P659,K40
P659,K193
P660,K7
P660,K83
P660,K267
P661,K86
P661,K102
P662,K59
P662,K20
P662,K218
P662,K254
P662,K88
P663,K250
P663,K72
P663,K281
P663,K215
P663,K205
P663,K5
P664,K61
P664,K223
P664,K151
P664,K139
P665,K166
P665,K191
P665,K289
P665,K85
P665,K73
P665,K149
P666,K105
P666,K191
P666,K266
P666,K129
P666,K242
P666,K237
P667,K170
P667,K70
P667,K85
P668,K243
P668,K6
P668,K163
P668,K214
P668,K92
P668,K77
P669,K35
P669,K3
P669,K160
P669,K97
P669,K103
P670,K276
P670,K235
P671,K49
P671,K32
P671,K240
P671,K81
P672,K180
P672,K287
P673,K177
P673,K8
P673,K99
P674,K146
P674,K219
P674,K300
P674,K157
P675,K207
P675,K131
P675,K288
P675,K278
P676,K40
P676,K79
P676,K53
P677,K144
P677,K92
P677,K135
P678,K53
P678,K65
P678,K268
P678,K197
P678,K170
P678,K295
P679,K142
P679,K243
P679,K108
P679,K87
P679,K2
P679,K119
P680,K47
P680,K76
P680,K74
P681,K244
P681,K1
P681,K166
P682,K27
P682,K71
P683,K226
P683,K218
P683,K242
P683,K168
P683,K155
P683,K257
P684,K124
P684,K287
P685,K194
P685,K198
P685,K243
P685,K182
P685,K160
P686,K163
P686,K272
P686,K41
P686,K110
P686,K86
P686,K143
P687,K224
P687,K287
P687,K227
P688,K129
P688,K62
P688,K286
P688,K223
P688,K179
P689,K13
P689,K188
P689,K239
P690,K218
P690,K110
P690,K287
P690,K98
P691,K192
P691,K92
P691,K6
P691,K101
P691,K227
P692,K270
P692,K100
P692,K3
P692,K159
P693,K49
P693,K189
P693,K130
P693,K258
P694,K140
P694,K18
P695,K246
P695,K204
P695,K23
P695,K130
P696,K30
P696,K293
P696,K16
P696,K242
P697,K233
P697,K252
P697,K89
P697,K243
P697,K280
P697,K54
P698,K190
P698,K15
P699,K79
P699,K91
P699,K68
P699,K43
P699,K215
P699,K62
P700,K228
P700,K32
P701,K50
P701,K279
P701,K143
P701,K100
P702,K9
P702,K171
P702,K163
P702,K87
P702,K188
P702,K265
P703,K207
P703,K214
P704,K34
P704,K99
P705,K76
P705,K137
P705,K43
P705,K89
P705,K228
P705,K23
P706,K102
P706,K259
P706,K210
P706,K89
P707,K160
P707,K141
P708,K180
P708,K61
P708,K175
P708,K239
P708,K291
P708,K45
P709,K238
P709,K46
P709,K60
P709,K47
P709,K94
P709,K45
P710,K163
P710,K11
P710,K87
P711,K112
P711,K192
P712,K42
P712,K127
P712,K158
P712,K98
P712,K68
P713,K28
P713,K195
P713,K147
P713,K92
P714,K72
P714,K290
P714,K162
P714,K212
P715,K97
P715,K140
P715,K103
P716,K152
P716,K133
P716,K226
P717,K48
P717,K251
P717,K182
P717,K297
P718,K179
P718,K268
P718,K231
P718,K88
P719,K300
P719,K198
P720,K276
P720,K292
P720,K108
P721,K178
P721,K148
P721,K107
P721,K176
P721,K258
P722,K138
P722,K47
P722,K263
P722,K108
P722,K133
P722,K112
P723,K134
P723,K17
P723,K60
P723,K265
P723,K96
P724,K72
P724,K240
P724,K166
P724,K191
P724,K289
P725,K18
P725,K166
P725,K54
P725,K184
P725,K5
P726,K216
P726,K244
P726,K172
P727,K52
P727,K96
P727,K184
P727,K157
P728,K240
P728,K280
P728,K96
P729,K225
P729,K234
P730,K295
P730,K223
P730,K205
P730,K243
P730,K125
P730,K130
P731,K173
P731,K248
P731,K206
P731,K154
P732,K120
P732,K260
P733,K216
P733,K219
P734,K296
P734,K206
P734,K15
P734,K84
P735,K86
P735,K154
P735,K269
P735,K102
P735,K291
P735,K72
P736,K171
P736,K28
P736,K47
P737,K73
P737,K178
P737,K235
P737,K203
P738,K236
P738,K1
P738,K76
P739,K89
P739,K155
P739,K158
P740,K95
P740,K121
P741,K224
P741,K47
P741,K126
P742,K285
P742,K192
P742,K3
P743,K82
P743,K177
P743,K52
P743,K242
P743,K282
P744,K109
P744,K242
P744,K193
P744,K238
P744,K125
P745,K199
P745,K66
P746,K69
P746,K205
P746,K168
P746,K145
P747,K202
P747,K274
P747,K37
P747,K178
P747,K251
P748,K14
P748,K114
P748,K92
P748,K121
P748,K189
P748,K186
P749,K257
P749,K1
P749,K204
P749,K40
P750,K71
P750,K256
P750,K97
P751,K109
P751,K155
P752,K48
P752,K174
P752,K197
P752,K93
P752,K218
P753,K146
P753,K160
P753,K199
P754,K18
P754,K134
P754,K216
P754,K92
P754,K84
P755,K265
P755,K55
P755,K239
P755,K43
P755,K178
P756,K208
P756,K7
P757,K164
P757,K66
P757,K295
P758,K197
P758,K233
P758,K6
P758,K249
P758,K206
P758,K217
P759,K156
P759,K218
P760,K60
P760,K231
P760,K258
P760,K191
P761,K172
P761,K274
P761,K187
P761,K58
P761,K92
P762,K273
P762,K197
P762,K41
P762,K77
P762,K4
P763,K133
P763,K102
P763,K264
P763,K233
P764,K25
P764,K238
P764,K145
P764,K21
P764,K63
P765,K236
P765,K188
P765,K26
P765,K190
P765,K130
P766,K173
P766,K152
P766,K13
P766,K278
P766,K137
P767,K151
P767,K183
P767,K214
P768,K229
P768,K167
P769,K19
P769,K58
P769,K183
P769,K273
P770,K128
P770,K90
P770,K44
P770,K274
P770,K49
P771,K75
P771,K253
P771,K221
P772,K177
P772,K235
P772,K125
P772,K269
P773,K235
P773,K21
P773,K40
P773,K168
P773,K191
P773,K20
P774,K52
P774,K196
P774,K263
P775,K173
P775,K155
P776,K206
P776,K12
P776,K95
P776,K132
P776,K41
P777,K60
P777,K99
P777,K293
P777,K134
P777,K156
P778,K264
P778,K277
P778,K125
P778,K26
P778,K192
P778,K294
P779,K111
P779,K224
P779,K141
P779,K96
P779,K142
P780,K24
P780,K205
P780,K93
P780,K146
P780,K140
P780,K3
P781,K107
P781,K10
P781,K213
P781,K67
P781,K141
P782,K237
P782,K163
P782,K50
P782,K114
P783,K10
P783,K167
P783,K114
P784,K148
P784,K236
P785,K216
P785,K169
P785,K278
P785,K200
P785,K244
P785,K286
P786,K176
P786,K175
P787,K178
P787,K228
P787,K78
P787,K237
P788,K108
P788,K273
P788,K88
P788,K200
P788,K131
P789,K17
P789,K293
P789,K41
P789,K250
P789,K288
P790,K43
P790,K107
P790,K272
P790,K190
P791,K150
P791,K162
P791,K232
P791,K240
P792,K80
P792,K300
P793,K181
P793,K290
P793,K221
P794,K12
P794,K146
P794,K285
P794,K252
P794,K121
P795,K276
P795,K68
P795,K194
P795,K64
P795,K50
P796,K112
P796,K109
P796,K57
P796,K293
P796,K149
P797,K82
P797,K206
P797,K282
P798,K181
P798,K112
P798,K215
P798,K143
P798,K164
P799,K55
P799,K163
P799,K258
P799,K275
P800,K201
P800,K116
P800,K207
P800,K254
P800,K238
P800,K147
P801,K81
P801,K91
P801,K205
P801,K148
P801,K2
P802,K172
P802,K238
P802,K89
P802,K51
P802,K197
P802,K298
P803,K215
P803,K211
P803,K97
P803,K15
P803,K115
P804,K258
P804,K42
P804,K293
P805,K12
P805,K167
P805,K128
P805,K86
P805,K292
P806,K47
P806,K190
P806,K12
P806,K200
P806,K283
P807,K99
P807,K83
P807,K235
P807,K189
P807,K123
P807,K90
P808,K103
P808,K166
P808,K68
P808,K151
P808,K34
P809,K106
P809,K296
P810,K236
P810,K126
P810,K228
P810,K124
P810,K91
P811,K257
P811,K57
P811,K170
P811,K82
P811,K126
P812,K36
P812,K4
P812,K17
P812,K209
P812,K267
P813,K198
P813,K37
P813,K214
P813,K134
P813,K276
P814,K274
P814,K13
P815,K247
P815,K31
P815,K150
P815,K204
P815,K21
P816,K205
P816,K262
P816,K226
P816,K220
P817,K54
P817,K75
P818,K297
P818,K58
P818,K87
P818,K188
P819,K174
P819,K73
P819,K125
P819,K248
P819,K108
P820,K50
P820,K169
P820,K38
P820,K235
P821,K126
P821,K134
P821,K176
P821,K152
P821,K228
P822,K231
P822,K133
P822,K291
P822,K141
P823,K19
P823,K72
P823,K76
P823,K268
P823,K148
P823,K14
P824,K190
P824,K289
P824,K186
P825,K158
P825,K82
P825,K291
P825,K157
P826,K226
P826,K151
P826,K80
P826,K66
P826,K76
P827,K150
P827,K197
P827,K132
P827,K117
P827,K15
P827,K109
P828,K156
P828,K76
P828,K300
P828,K7
P828,K133
P828,K187
P829,K265
P829,K208
P829,K245
P829,K88
P829,K177
P829,K80
P830,K257
P830,K161
P830,K268
P830,K192
P830,K194
P830,K249
P831,K269
P831,K247
P831,K90
P832,K195
P832,K8
P832,K34
P832,K176
P832,K116
P833,K106
P833,K115
P833,K77
P833,K143
P834,K62
P834,K101
P834,K183
P834,K256
P834,K236
P834,K292
P835,K269
P835,K117
P836,K187
P836,K17
P836,K205
P837,K169
P837,K260
P838,K139
P838,K284
P839,K276
P839,K41
P839,K29
P839,K229
P839,K291
P839,K268
P840,K126
P840,K132
P840,K94
P841,K117
P841,K234
P841,K91
P842,K137
P842,K283
P843,K47
P843,K98
P843,K33
P843,K68
P844,K156
P844,K32
P844,K107
P844,K117
P844,K125
P844,K300
P845,K245
P845,K238
P845,K51
P845,K275
P845,K27
P845,K164
P846,K101
P846,K245
P847,K227
P847,K43
P848,K102
P848,K52
P848,K278
P848,K111
P848,K250
P849,K292
P849,K5
P849,K298
P849,K221
P850,K227
P850,K100
P851,K234
P851,K1
P851,K129
P851,K209
P851,K139
P851,K253
P852,K169
P852,K260
P852,K248
P853,K146
P853,K154
P853,K136
P853,K273
P853,K128
P853,K175
P854,K288
P854,K258
P854,K159
P854,K226
P855,K94
P855,K250
P856,K164
P856,K261
P857,K254
P857,K84
P857,K92
P857,K34
P857,K222
P858,K49
P858,K227
P858,K176
P858,K276
P859,K100
P859,K56
P859,K119
P860,K158
P860,K257
P860,K157
P861,K272
P861,K242
P861,K53
P861,K154
P862,K108
P862,K293
P862,K80
P862,K166
P862,K81
P862,K99
P863,K88
P863,K81
P863,K167
P863,K265
P863,K243
P864,K214
P864,K138
P864,K118
P864,K135
P864,K242
P864,K156
P865,K75
P865,K157
P865,K171
P865,K182
P866,K231
P866,K158
P866,K218
P866,K289
P867,K214
P867,K3
P867,K207
P867,K29
P867,K210
P868,K72
P868,K234
P868,K141
P868,K10
P869,K107
P869,K132
P869,K151
P870,K13
P870,K165
P870,K219
P870,K196
P871,K286
P871,K287
P871,K103
P871,K111
P872,K258
P872,K226
P872,K141
P872,K55
P872,K39
P872,K125
P873,K167
P873,K246
P873,K241
P874,K200
P874,K250
P875,K144
P875,K193
P875,K31
P876,K29
P876,K176
P877,K276
P877,K190
P877,K225
P877,K146
P878,K242
P878,K69
P879,K167
P879,K212
P880,K78
P880,K154
P880,K294
P881,K288
P881,K46
P881,K225
P882,K168
P882,K294
P882,K280
P883,K286
P883,K272
P883,K150
P883,K12
P884,K35
P884,K161
P884,K185
P885,K110
P885,K95
P885,K165
P885,K240
P885,K117
P886,K186
P886,K171
P886,K102
P886,K133
P886,K131
P887,K12
P887,K72
P887,K62
P887,K211
P887,K219
P887,K203
P888,K25
P888,K271
P888,K31
P888,K263
P888,K192
P889,K290
P889,K224
P890,K259
P890,K168
P891,K252
P891,K145
P891,K295
P891,K171
P891,K35
P891,K39
P892,K48
P892,K286
P892,K58
P892,K273
P892,K82
P892,K263
P893,K294
P893,K240
P894,K98
P894,K38
P894,K221
P894,K142
P894,K239
P894,K232
P895,K170
P895,K38
P895,K94
P896,K174
P896,K233
P896,K271
P896,K222
P896,K11
P896,K206
P897,K151
P897,K4
P897,K200
P897,K10
P897,K5
P897,K116
P898,K219
P898,K78
P898,K133
P898,K115
P899,K168
P899,K273
P899,K235
P899,K103
P899,K295
P899,K182
P900,K79
P900,K97
P900,K76
P900,K106
P900,K158
P900,K93
P901,K14
P901,K274
P902,K21
P902,K66
P902,K277
P902,K179
P902,K36
P902,K168
P903,K118
P903,K107
P903,K104
P903,K156
P904,K218
P904,K139
P904,K120
P905,K182
P905,K14
P905,K71
P906,K64
P906,K193
P906,K14
P906,K228
P906,K107
P907,K26
P907,K229
P907,K225
P907,K205
P907,K102
P908,K195
P908,K64
P908,K48
P909,K260
P909,K297
P909,K265
P910,K84
P910,K108
P911,K251
P911,K184
P912,K213
P912,K98
P912,K108
P912,K47
P913,K185
P913,K245
P913,K131
P913,K261
P913,K58
P913,K234
P914,K4
P914,K195
P915,K205
P915,K52
P915,K182
P915,K185
P915,K159
P916,K223
P916,K154
P917,K44
P917,K200
P917,K242
P918,K141
P918,K166
P919,K73
P919,K128
P920,K290
P920,K5
P920,K66
P921,K80
P921,K72
P921,K241
P921,K20
P921,K32
P921,K108
P922,K191
P922,K213
P922,K81
P922,K215
P923,K90
P923,K266
P923,K78
P924,K187
P924,K57
P924,K84
P925,K255
P925,K105
P926,K207
P926,K192
P926,K136
P926,K165
P927,K14
P927,K170
P928,K241
P928,K18
P929,K209
P929,K24
P929,K277
P930,K269
P930,K87
P930,K81
P930,K52
P930,K8
P931,K115
P931,K48
P931,K215
P931,K34
P932,K244
P932,K238
P933,K275
P933,K226
P933,K69
P933,K1
P933,K160
P934,K241
P934,K132
P934,K66
P934,K166
P934,K277
P935,K50
P935,K245
P935,K253
P935,K293
P936,K65
P936,K113
P936,K264
P937,K74
P937,K116
P937,K43
P938,K207
P938,K145
P939,K54
P939,K128
P939,K116
P939,K129
P939,K95
P939,K155
P940,K237
P940,K267
P940,K265
P940,K296
P941,K68
P941,K168
P941,K217
P941,K192
P942,K297
P942,K18
P942,K198
P943,K102
P943,K94
P944,K74
P944,K18
P945,K83
P945,K204
P945,K166
P946,K293
P946,K247
P947,K177
P947,K97
P947,K296
P947,K208
P947,K232
P948,K233
P948,K135
P948,K280
P949,K61
P949,K144
P949,K264
P949,K173
P949,K96
P950,K175
P950,K250
P950,K282
P950,K234
P951,K176
P951,K266
P952,K33
P952,K188
P952,K219
P952,K14
P953,K65
P953,K49
P953,K117
P953,K235
P953,K57
P953,K62
P954,K152
P954,K65
P954,K178
P954,K158
P954,K232
P954,K224
P955,K43
P955,K259
P955,K94
P955,K204
P955,K262
P955,K100
P956,K114
P956,K9
P956,K102
P957,K270
P957,K78
P957,K289
P957,K272
P958,K25
P958,K273
P958,K186
P958,K277
P958,K118
P958,K272
P959,K192
P959,K82
P959,K52
P960,K116
P960,K78
P960,K277
P961,K218
P961,K104
P961,K143
P961,K26
P961,K206
P961,K152
P962,K268
P962,K216
P962,K244
P962,K240
P962,K165
P963,K154
P963,K1
P963,K39
P964,K285
P964,K160
P964,K107
P964,K35
P965,K211
P965,K72
P966,K247
P966,K83
P966,K125
P967,K82
P967,K215
P967,K201
P967,K100
P967,K128
P968,K37
P968,K116
P968,K142
P968,K72
P969,K64
P969,K300
P969,K78
P969,K106
P969,K228
P970,K142
P970,K168
P970,K6
P971,K267
P971,K160
P972,K53
P972,K242
P972,K119
P972,K225
P972,K153
P972,K64
P973,K233
P973,K79
P973,K37
P973,K175
P973,K140
P973,K21
P974,K131
P974,K58
P974,K239
P974,K219
P974,K300
P975,K250
P975,K150
P975,K116
P976,K53
P976,K46
P976,K186
P976,K124
P976,K254
P976,K222
P977,K30
P977,K54
P977,K144
P977,K142
P977,K129
P978,K169
P978,K215
P978,K129
P978,K183
P978,K43
P978,K7
P979,K249
P979,K125
P980,K254
P980,K114
P980,K223
P980,K137
P980,K54
P980,K250
P981,K290
P981,K193
P981,K266
P981,K196
P981,K22
P981,K56
P982,K51
P982,K295
P982,K49
P982,K61
P982,K123
P982,K185
P983,K216
P983,K202
P983,K21
P983,K178
P983,K226
P983,K236
P984,K268
P984,K20
P984,K205
P984,K222
P984,K14
P984,K111
P985,K93
P985,K13
P985,K169
P985,K51
P985,K150
P985,K212
P986,K234
P986,K130
P987,K177
P987,K181
P987,K128
P987,K142
P988,K25
P988,K167
P988,K235
P988,K135
P988,K83
P989,K286
P989,K281
P989,K165
P990,K179
P990,K89
P990,K256
P990,K46
P990,K171
P991,K276
P991,K117
P991,K163
P991,K157
P992,K47
P992,K208
P993,K255
P993,K96
P993,K196
P993,K104
P994,K249
P994,K180
P994,K173
P994,K225
P995,K82
P995,K87
P995,K166
P995,K9
P996,K98
P996,K298
P997,K260
P997,K287
P997,K152
P997,K276
P998,K204
P998,K39
P998,K102
P999,K47
P999,K208
P1000,K75
P1000,K175
P1000,K273
P1000,K182
P1001,K69
P1001,K198
P1001,K54
P1001,K151
P1001,K292
P1002,K166
P1002,K116
P1003,K21
P1003,K126
P1003,K281
P1003,K80
P1003,K141
P1004,K254
P1004,K115
P1005,K126
P1005,K116
P1005,K226
P1006,K75
P1006,K7
P1006,K152
P1007,K11
P1007,K248
P1007,K225
P1008,K285
P1008,K283
P1008,K291
P1008,K99
P1008,K212
P1009,K266
P1009,K298
P1009,K205
P1010,K199
P1010,K134
P1010,K187
P1010,K135
P1010,K221
P1010,K190
P1011,K121
P1011,K164
P1011,K277
P1011,K183
P1012,K69
P1012,K165
P1013,K276
P1013,K297
P1013,K66
P1014,K260
P1014,K244
P1015,K161
P1015,K54
P1015,K117
P1015,K179
P1015,K284
P1015,K115
P1016,K138
P1016,K295
P1016,K28
P1016,K236
P1016,K225
P1017,K224
P1017,K34
P1017,K88
P1017,K12
P1017,K287
P1018,K287
P1018,K30
P1018,K178
P1018,K245
P1018,K76
P1019,K182
P1019,K34
P1020,K292
P1020,K130
P1020,K15
P1020,K252
P1021,K69
P1021,K203
P1021,K111
P1021,K232
P1021,K159
P1022,K156
P1022,K170
P1022,K120
P1022,K292
P1022,K261
P1022,K209
P1023,K277
P1023,K162
P1023,K4
P1024,K28
P1024,K184
P1024,K62
P1024,K37
P1024,K33
P1024,K272
P1025,K83
P1025,K100
P1025,K128
P1025,K92
P1025,K93
P1026,K254
P1026,K62
P1027,K46
P1027,K49
P1027,K207
P1027,K294
P1028,K209
P1028,K196
P1028,K243
P1028,K71
P1028,K176
P1029,K50
P1029,K160
P1029,K182
P1030,K221
P1030,K130
P1030,K256
P1031,K95
P1031,K134
P1032,K103
P1032,K117
P1032,K180
P1032,K42
P1032,K174
P1033,K49
P1033,K269
P1033,K132
P1033,K11
P1033,K32
P1034,K31
P1034,K192
P1034,K49
P1034,K87
P1034,K1
P1034,K271
P1035,K3
P1035,K168
P1036,K157
P1036,K15
P1036,K291
P1036,K289
P1036,K192
P1037,K89
P1037,K97
P1038,K256
P1038,K94
P1038,K275
P1038,K112
P1038,K177
P1038,K50
P1039,K192
P1039,K294
P1039,K91
P1040,K91
P1040,K260
P1040,K77
P1040,K228
P1040,K16
P1041,K20
P1041,K276
P1041,K62
P1041,K160
P1041,K150
P1041,K56
P1042,K93
P1042,K266
P1042,K86
P1042,K52
P1043,K99
P1043,K80
P1043,K173
P1043,K233
P1043,K281
P1044,K230
P1044,K60
P1044,K284
P1044,K34
P1044,K174
P1045,K188
P1045,K73
P1045,K123
P1046,K97
P1046,K207
P1046,K22
P1046,K184
P1046,K31
P1047,K51
P1047,K267
P1047,K47
P1047,K165
P1047,K270
P1048,K295
P1048,K273
P1048,K268
P1048,K202
P1048,K280
P1048,K103
P1049,K165
P1049,K70
P1049,K230
P1049,K102
P1050,K219
P1050,K207
P1050,K223
P1050,K194
P1051,K252
P1051,K13
P1052,K54
P1052,K165
P1052,K288
P1052,K248
P1052,K200
P1053,K255
P1053,K148
P1053,K29
P1053,K271
P1054,K97
P1054,K46
P1055,K293
P1055,K278
P1055,K89
P1055,K161
P1056,K274
P1056,K15
P1057,K156
P1057,K198
P1058,K181
P1058,K276
P1058,K27
P1059,K261
P1059,K269
P1059,K92
P1059,K190
P1059,K23
P1060,K51
P1060,K235
P1060,K96
P1061,K164
P1061,K38
P1061,K105
P1062,K106
P1062,K293
P1062,K8
P1062,K24
P1062,K196
P1063,K60
P1063,K149
P1063,K3
P1064,K170
P1064,K91
P1064,K200
P1065,K191
P1065,K206
P1065,K23
P1066,K73
P1066,K127
P1066,K133
P1067,K293
P1067,K159
P1067,K105
P1067,K140
P1067,K210
P1068,K213
P1068,K212
P1069,K143
P1069,K98
P1069,K250
P1069,K130
P1069,K6
P1070,K22
P1070,K230
P1070,K66
P1070,K115
P1070,K37
P1071,K60
P1071,K82
P1072,K35
P1072,K94
P1072,K275
P1072,K168
P1072,K86
P1073,K204
P1073,K146
P1073,K275
P1073,K147
P1074,K292
P1074,K134
P1074,K56
P1074,K62
P1075,K104
P1075,K45
P1075,K285
P1075,K255
P1075,K103
P1076,K266
P1076,K19
P1076,K241
P1077,K56
P1077,K58
P1077,K118
P1077,K20
P1077,K199
P1078,K43
P1078,K35
P1078,K124
P1079,K190
P1079,K225
P1079,K74
P1079,K227
P1079,K22
P1080,K97
P1080,K108
P1080,K163
P1080,K23
P1080,K292
P1080,K8
P1081,K175
P1081,K129
P1081,K90
P1082,K237
P1082,K103
P1082,K29
P1082,K201
P1083,K79
P1083,K150
P1083,K259
P1083,K33
P1083,K116
P1084,K100
P1084,K172
P1084,K225
P1085,K226
P1085,K36
P1086,K271
P1086,K148
P1086,K286
P1087,K74
P1087,K281
P1087,K163
P1088,K58
P1088,K34
P1089,K266
P1089,K274
P1089,K9
P1089,K87
P1089,K165
P1090,K20
P1090,K74
P1090,K54
P1090,K120
P1091,K196
P1091,K2
P1092,K30
P1092,K199
P1092,K291
P1092,K62
P1092,K115
P1092,K19
P1093,K280
P1093,K38
P1093,K11
P1093,K244
P1093,K293
P1093,K198
P1094,K199
P1094,K231
P1094,K122
P1094,K252
P1095,K129
P1095,K177
P1095,K233
P1095,K246
P1095,K79
P1095,K275
P1096,K115
P1096,K74
P1096,K147
P1096,K90
P1097,K132
P1097,K83
P1097,K189
P1097,K11
P1097,K222
P1098,K74
P1098,K22
P1098,K236
P1098,K211
P1099,K117
P1099,K206
P1099,K65
P1099,K181
P1099,K107
P1099,K208
P1100,K214
P1100,K236
P1100,K232
P1100,K228
P1100,K199
P1101,K187
P1101,K173
P1101,K167
P1101,K205
P1101,K69
P1102,K106
P1102,K126
P1102,K112
P1102,K98
P1102,K292
P1102,K100
P1103,K187
P1103,K238
P1103,K281
P1103,K210
P1103,K192
P1103,K158
P1104,K202
P1104,K73
P1104,K241
P1105,K278
P1105,K232
P1106,K212
P1106,K27
P1106,K103
P1106,K112
P1107,K283
P1107,K81
P1107,K197
P1107,K265
P1108,K93
P1108,K227
P1108,K13
P1108,K106
P1108,K198
P1109,K89
P1109,K140
P1109,K289
P1109,K80
P1109,K206
P1109,K295
P1110,K78
P1110,K211
P1110,K163
P1111,K126
P1111,K67
P1111,K250
P1111,K162
P1111,K272
P1112,K50
P1112,K34
P1113,K11
P1113,K5
P1114,K170
P1114,K47
P1115,K183
P1115,K104
P1115,K78
P1115,K110
P1116,K34
P1116,K186
P1116,K162
P1116,K299
P1117,K244
P1117,K174
P1117,K90
P1117,K149
P1117,K156
P1118,K288
P1118,K82
P1119,K84
P1119,K213
P1119,K61
P1120,K210
P1120,K82
P1120,K288
P1120,K283
P1120,K241
P1120,K144
P1121,K59
P1121,K76
P1121,K228
P1122,K21
P1122,K70
P1123,K243
P1123,K195
P1123,K245
P1123,K88
P1123,K11
P1124,K186
P1124,K226
P1124,K300
P1124,K293
P1124,K94
P1124,K230
P1125,K252
P1125,K291
P1126,K174
P1126,K44
P1126,K190
P1126,K36
P1127,K70
P1127,K154
P1127,K202
P1128,K57
P1128,K101
P1128,K165
P1129,K43
P1129,K182
P1129,K254
P1129,K9
P1130,K214
P1130,K87
P1130,K187
P1130,K130
P1130,K99
P1130,K263
P1131,K267
P1131,K13
P1131,K251
P1131,K164
P1132,K27
P1132,K123
P1132,K157
P1133,K230
P1133,K222
P1133,K173
P1133,K21
P1134,K235
P1134,K42
P1134,K171
P1134,K283
P1135,K67
P1135,K6
P1136,K10
P1136,K155
P1136,K195
P1136,K103
P1136,K241
P1136,K199
P1137,K139
P1137,K193
P1138,K188
P1138,K263
P1138,K218
P1138,K209
P1139,K68
P1139,K178
P1139,K134
P1139,K283
P1140,K251
P1140,K145
P1140,K137
P1141,K231
P1141,K44
P1142,K261
P1142,K59
P1142,K12
P1142,K66
P1143,K125
P1143,K39
P1144,K192
P1144,K34
P1144,K79
P1145,K122
P1145,K45
P1145,K39
P1145,K5
P1145,K7
P1145,K175
P1146,K37
P1146,K80
P1146,K299
P1146,K236
P1146,K170
P1146,K55
P1147,K63
P1147,K29
P1147,K72
P1147,K103
P1147,K42
P1147,K96
P1148,K47
P1148,K2
P1149,K120
P1149,K108
P1149,K26
P1149,K41
P1149,K199
P1150,K272
P1150,K99
P1150,K244
P1150,K102
P1151,K96
P1151,K241
P1151,K148
P1151,K32
P1151,K227
P1152,K260
P1152,K4
P1152,K41
P1153,K102
P1153,K135
P1153,K74
P1154,K295
P1154,K97
P1154,K64
P1154,K39
P1154,K96
P1154,K165
P1155,K84
P1155,K203
P1155,K152
P1156,K212
P1156,K260
P1156,K147
P1156,K112
P1156,K219
P1156,K129
P1157,K124
P1157,K272
P1157,K4
P1157,K129
P1158,K83
P1158,K34
P1158,K32
P1158,K33
P1159,K177
P1159,K31
P1159,K221
P1159,K41
P1159,K229
P1160,K46
P1160,K164
P1161,K186
P1161,K34
P1161,K292
P1161,K135
P1161,K164
P1161,K231
P1162,K246
P1162,K190
P1162,K256
P1162,K154
P1163,K161
P1163,K280
P1163,K98
P1163,K117
P1163,K88
P1164,K181
P1164,K210
P1165,K237
P1165,K167
P1165,K207
P1165,K238
P1165,K232
P1166,K73
P1166,K198
P1166,K215
P1167,K72
P1167,K163
P1168,K77
P1168,K205
P1168,K188
P1168,K8
P1168,K223
P1169,K78
P1169,K95
P1169,K112
P1170,K9
P1170,K201
P1171,K77
P1171,K139
P1171,K173
P1171,K102
P1171,K12
P1172,K201
P1172,K82
P1172,K156
P1172,K282
P1172,K143
P1173,K98
P1173,K250
P1173,K256
P1174,K223
P1174,K82
P1174,K250
P1174,K31
P1174,K181
P1175,K35
P1175,K166
P1176,K149
P1176,K73
P1176,K121
P1176,K266
P1176,K254
P1177,K214
P1177,K252
P1177,K7
P1178,K82
P1178,K174
P1178,K160
P1178,K220
P1179,K63
P1179,K67
P1179,K272
P1179,K145
P1179,K175
P1179,K192
P1180,K190
P1180,K290
P1180,K243
P1181,K10
P1181,K229
P1182,K214
P1182,K127
P1182,K108
P1182,K168
P1183,K161
P1183,K244
P1183,K144
P1184,K175
P1184,K296
P1184,K170
P1184,K100
P1184,K66
P1184,K165
P1185,K118
P1185,K122
P1185,K128
P1185,K251
P1185,K289
P1185,K241
P1186,K161
P1186,K262
P1187,K197
P1187,K76
P1188,K165
P1188,K42
P1188,K271
P1188,K252
P1188,K237
P1188,K137
P1189,K231
P1189,K200
P1190,K142
P1190,K74
P1190,K187
P1191,K243
P1191,K127
P1192,K2
P1192,K168
P1192,K183
P1193,K248
P1193,K288
P1193,K75
P1193,K140
P1193,K164
P1193,K249
P1194,K275
P1194,K103
P1194,K97
P1194,K62
P1195,K32
P1195,K100
P1195,K269
P1195,K259
P1196,K128
P1196,K193
P1196,K217
P1196,K6
P1197,K134
P1197,K105
P1197,K74
P1197,K152
P1198,K15
P1198,K216
P1199,K189
P1199,K239
P1200,K229
P1200,K196
P1200,K285
P1201,K228
P1201,K161
P1201,K56
P1202,K234
P1202,K142
P1202,K102
P1202,K233
P1203,K84
P1203,K66
P1203,K166
P1203,K9
P1204,K27
P1204,K168
P1205,K245
P1205,K189
P1205,K73
P1205,K162
P1205,K193
P1205,K282
P1206,K223
P1206,K166
P1207,K92
P1207,K168
P1207,K18
P1207,K145
P1207,K166
P1208,K292
P1208,K21
P1208,K262
P1208,K29
P1208,K68
P1208,K255
P1209,K35
P1209,K72
P1210,K53
P1210,K268
P1210,K84
P1211,K48
P1211,K185
P1211,K183
P1212,K42
P1212,K212
P1212,K176
P1212,K36
P1213,K206
P1213,K280
P1213,K32
P1213,K269
P1213,K214
P1214,K80
P1214,K281
P1214,K46
P1214,K107
P1214,K230
P1215,K60
P1215,K134
P1215,K117
P1216,K29
P1216,K286
P1216,K13
P1217,K116
P1217,K246
P1218,K22
P1218,K113
P1219,K79
P1219,K71
P1219,K257
P1220,K166
P1220,K199
P1220,K203
P1220,K10
P1221,K149
P1221,K253
P1221,K13
P1221,K213
P1221,K282
P1221,K35
P1222,K103
P1222,K19
P1223,K118
P1223,K299
P1223,K252
P1224,K179
P1224,K42
P1225,K189
P1225,K261
P1225,K85
P1225,K204
P1225,K109
P1225,K78
P1226,K4
P1226,K145
P1226,K137
P1226,K285
P1226,K192
P1226,K262
P1227,K82
P1227,K104
P1227,K132
P1227,K172
P1227,K101
P1228,K134
P1228,K202
P1228,K62
P1228,K147
P1229,K15
P1229,K229
P1229,K263
P1229,K208
P1229,K105
P1230,K58
P1230,K22
P1230,K199
P1231,K106
P1231,K103
P1232,K153
P1232,K110
P1232,K156
P1232,K185
P1232,K238
P1232,K28
P1233,K291
P1233,K130
P1233,K112
P1234,K13
P1234,K159
P1234,K7
P1234,K111
P1234,K93
P1234,K171
P1235,K256
P1235,K199
P1235,K168
P1236,K201
P1236,K85
P1236,K252
P1236,K246
P1236,K288
P1237,K147
P1237,K128
P1237,K40
P1237,K55
P1237,K1
P1237,K16
P1238,K26
P1238,K6
P1238,K141
P1238,K1
P1238,K156
P1238,K228
P1239,K291
P1239,K82
P1239,K50
P1239,K28
P1239,K189
P1240,K98
P1240,K217
P1240,K191
P1241,K144
P1241,K214
P1242,K153
P1242,K18
P1243,K155
P1243,K73
P1244,K234
P1244,K105
P1244,K62
P1244,K16
P1245,K90
P1245,K8
P1245,K58
P1245,K45
P1245,K121
P1246,K297
P1246,K286
P1246,K140
P1246,K139
P1246,K12
P1247,K246
P1247,K33
P1247,K79
P1247,K111
P1247,K34
P1247,K204
P1248,K16
P1248,K20
P1248,K255
P1248,K222
P1248,K239
P1249,K90
P1249,K7
P1249,K296
P1249,K23
P1249,K33
P1250,K145
P1250,K246
P1250,K104
P1250,K137
P1251,K140
P1251,K97
P1252,K230
P1252,K1
P1252,K23
P1253,K223
P1253,K287
P1253,K251
P1253,K119
P1253,K25
P1253,K147
P1254,K46
P1254,K189
P1254,K234
P1254,K242
P1255,K84
P1255,K192
P1255,K191
P1255,K283
P1255,K277
P1255,K75
P1256,K178
P1256,K209
P1256,K90
P1256,K298
P1257,K191
P1257,K240
P1257,K178
P1257,K150
P1257,K76
P1258,K278
P1258,K209
P1258,K185
P1258,K222
P1258,K45
P1259,K130
P1259,K71
P1259,K171
P1259,K184
P1259,K239
P1259,K231
P1260,K85
P1260,K22
P1260,K176
P1260,K260
P1260,K75
P1260,K175
P1261,K82
P1261,K294
P1261,K72
P1261,K106
P1261,K203
P1261,K42
P1262,K58
P1262,K257
P1262,K279
P1262,K22
P1262,K267
P1263,K295
P1263,K3
P1264,K282
P1264,K85
P1264,K117
P1264,K172
P1265,K60
P1265,K167
P1265,K192
P1265,K281
P1265,K203
P1266,K202
P1266,K113
P1266,K296
P1266,K180
P1266,K209
P1266,K55
P1267,K233
P1267,K80
P1267,K97
P1268,K259
P1268,K56
P1269,K74
P1269,K37
P1269,K157
P1269,K124
P1269,K208
P1270,K108
P1270,K278
P1270,K50
P1270,K98
P1271,K9
P1271,K16
P1272,K62
P1272,K107
P1272,K96
P1272,K37
P1273,K130
P1273,K232
P1274,K217
P1274,K184
P1275,K6
P1275,K154
P1275,K176
P1275,K199
P1275,K192
P1276,K156
P1276,K220
P1276,K245
P1277,K22
P1277,K252
P1277,K17
P1277,K256
P1277,K164
P1277,K180
P1278,K131
P1278,K243
P1279,K276
P1279,K51
P1279,K217
P1279,K180
P1279,K252
P1280,K195
P1280,K20
P1281,K45
P1281,K244
P1281,K130
P1281,K279
P1281,K48
P1282,K126
P1282,K49
P1283,K195
P1283,K173
P1283,K124
P1283,K241
P1283,K18
P1284,K159
P1284,K283
P1284,K232
P1284,K111
P1285,K211
P1285,K49
P1285,K6
P1285,K66
P1285,K15
P1285,K260
P1286,K36
P1286,K258
P1286,K93
P1286,K238
P1286,K141
P1287,K199
P1287,K275
P1287,K25
P1287,K130
P1287,K300
P1287,K61
P1288,K252
P1288,K90
P1288,K232
P1288,K151
P1288,K84
P1288,K21
P1289,K170
P1289,K219
P1289,K57
P1289,K80
P1290,K102
P1290,K247
P1291,K128
P1291,K3
P1291,K199
P1291,K91
P1291,K193
P1292,K155
P1292,K94
P1293,K175
P1293,K299
P1293,K253
P1294,K228
P1294,K60
P1294,K52
P1295,K72
P1295,K68
P1295,K289
P1296,K225
P1296,K255
P1297,K221
P1297,K11
P1297,K269
P1297,K189
P1298,K55
P1298,K215
P1298,K243
P1298,K18
P1298,K143
P1298,K224
P1299,K217
P1299,K35
P1299,K34
P1299,K45
P1299,K135
P1299,K184
P1300,K206
P1300,K260
P1300,K125
P1300,K71
P1300,K62
P1301,K83
P1301,K45
P1302,K96
P1302,K101
P1302,K229
P1302,K280
P1302,K192
P1302,K286
P1303,K245
P1303,K35
P1303,K95
P1303,K299
P1304,K60
P1304,K287
P1304,K21
P1304,K119
P1304,K104
P1305,K154
P1305,K69
P1305,K201
P1306,K191
P1306,K31
P1307,K7
P1307,K58
P1307,K269
P1307,K137
P1307,K300
P1307,K272
P1308,K156
P1308,K71
P1309,K125
P1309,K246
P1309,K110
P1309,K97
P1310,K245
P1310,K246
P1310,K110
P1310,K51
P1310,K89
P1311,K284
P1311,K278
P1311,K37
P1311,K75
P1311,K66
P1312,K75
P1312,K35
P1312,K245
P1312,K263
P1312,K38
P1312,K290
P1313,K127
P1313,K212
P1313,K186
P1314,K135
P1314,K209
P1314,K31
P1315,K22
P1315,K165
P1315,K203
P1315,K15
P1315,K99
P1316,K201
P1316,K231
P1316,K116
P1316,K66
P1317,K261
P1317,K209
P1317,K81
P1317,K124
P1317,K267
P1318,K255
P1318,K39
P1318,K222
P1318,K16
P1319,K34
P1319,K288
P1319,K44
P1319,K75
P1319,K21
P1320,K143
P1320,K202
P1320,K144
P1320,K238
P1321,K156
P1321,K275
P1321,K168
P1321,K158
P1322,K262
P1322,K250
P1322,K198
P1322,K287
P1322,K294
P1323,K241
P1323,K173
P1323,K47
P1324,K176
P1324,K273
P1324,K265
P1324,K33
P1324,K129
P1325,K139
P1325,K148
P1325,K263
P1325,K117
P1326,K166
P1326,K123
P1326,K290
P1326,K98
P1327,K157
P1327,K99
P1327,K172
P1327,K266
P1328,K143
P1328,K136
P1328,K218
P1328,K97
P1328,K72
P1329,K98
P1329,K186
P1329,K278
P1329,K284
P1330,K105
P1330,K237
P1330,K298
P1330,K267
P1331,K61
P1331,K150
P1331,K127
P1332,K173
P1332,K94
P1332,K255
P1333,K126
P1333,K201
P1333,K248
P1333,K139
P1334,K236
P1334,K276
P1334,K175
P1334,K75
P1334,K131
P1334,K37
P1335,K64
P1335,K193
P1335,K282
P1335,K202
P1336,K35
P1336,K97
P1337,K254
P1337,K233
P1337,K282
P1337,K299
P1338,K262
P1338,K291
P1338,K216
P1338,K102
P1339,K27
P1339,K219
P1339,K251
P1339,K56
P1340,K224
P1340,K199
P1340,K161
P1340,K62
P1340,K72
P1341,K63
P1341,K186
P1341,K28
P1342,K36
P1342,K143
P1343,K281
P1343,K275
P1344,K66
P1344,K50
P1344,K217
P1344,K105
P1345,K291
P1345,K31
P1346,K58
P1346,K173
P1347,K142
P1347,K146
P1347,K221
P1347,K124
P1347,K119
P1347,K113
P1348,K293
P1348,K137
P1348,K283
P1348,K182
P1348,K122
P1348,K78
P1349,K284
P1349,K300
P1350,K113
P1350,K88
P1350,K197
P1350,K105
P1351,K9
P1351,K83
P1351,K47
P1351,K293
P1351,K139
P1351,K249
P1352,K49
P1352,K127
P1353,K114
P1353,K124
P1353,K236
P1353,K85
P1353,K89
P1354,K144
P1354,K55
P1354,K2
P1355,K158
P1355,K223
P1355,K297
P1356,K198
P1356,K229
P1356,K110
P1356,K119
P1356,K52
P1356,K42
P1357,K228
P1357,K227
P1357,K77
P1357,K197
P1357,K195
P1358,K278
P1358,K140
P1359,K252
P1359,K224
P1359,K269
P1360,K165
P1360,K11
P1360,K256
P1360,K260
P1361,K199
P1361,K227
P1361,K106
P1361,K191
P1361,K74
P1361,K40
P1362,K194
P1362,K87
P1362,K207
P1362,K107
P1362,K112
P1362,K161
P1363,K208
P1363,K141
P1363,K128
P1363,K149
P1364,K195
P1364,K241
P1364,K13
P1365,K125
P1365,K34
P1365,K232
P1365,K12
P1365,K200
P1365,K293
P1366,K185
P1366,K196
P1366,K11
P1366,K252
P1367,K229
P1367,K218
P1367,K46
P1367,K224
P1367,K131
P1368,K118
P1368,K138
P1368,K188
P1368,K134
P1369,K81
P1369,K87
P1369,K113
P1369,K300
P1369,K265
P1370,K272
P1370,K101
P1370,K19
P1370,K196
P1370,K187
P1370,K25
P1371,K47
P1371,K82
P1371,K48
P1372,K284
P1372,K26
P1372,K129
P1372,K41
P1372,K269
P1372,K131
P1373,K77
P1373,K151
P1373,K73
P1373,K224
P1373,K143
P1374,K118
P1374,K210
P1374,K160
P1375,K267
P1375,K35
P1375,K119
P1376,K27
P1376,K294
P1377,K148
P1377,K281
P1377,K241
P1378,K86
P1378,K121
P1378,K9
P1378,K101
P1378,K40
P1379,K52
P1379,K138
P1380,K274
P1380,K64
P1380,K237
P1381,K189
P1381,K92
P1381,K79
P1381,K274
P1381,K96
P1381,K126
P1382,K167
P1382,K88
P1383,K263
P1383,K11
P1383,K257
P1383,K259
P1384,K202
P1384,K70
P1385,K25
P1385,K241
P1385,K80
P1386,K124
P1386,K189
P1386,K294
P1387,K237
P1387,K126
P1387,K233
P1387,K90
P1388,K128
P1388,K83
P1389,K22
P1389,K35
P1389,K194
P1389,K70
P1389,K1
P1389,K148
P1390,K271
P1390,K251
P1390,K203
P1390,K282
P1390,K278
P1391,K269
P1391,K239
P1391,K267
P1391,K182
P1391,K296
P1392,K129
P1392,K269
P1392,K209
P1392,K86
P1392,K258
P1393,K65
P1393,K19
P1393,K106
P1393,K38
P1393,K189
P1394,K60
P1394,K212
P1394,K196
P1394,K193
P1395,K192
P1395,K13
P1395,K162
P1395,K250
P1396,K9
P1396,K111
P1396,K223
P1397,K231
P1397,K72
P1397,K155
P1398,K126
P1398,K73
P1398,K9
P1398,K117
P1398,K225
P1399,K250
P1399,K205
P1399,K239
P1399,K191
P1400,K238
P1400,K67
P1400,K213
P1401,K126
P1401,K75
P1402,K152
P1402,K192
P1403,K180
P1403,K239
P1404,K222
P1404,K40
P1404,K151
P1404,K182
P1404,K263
P1405,K245
P1405,K21
P1405,K246
P1405,K35
P1405,K181
P1405,K170
P1406,K159
P1406,K260
P1406,K85
P1407,K52
P1407,K75
P1408,K139
P1408,K31
P1408,K13
P1408,K261
P1408,K112
P1408,K267
P1409,K13
P1409,K230
P1409,K207
P1409,K172
P1410,K236
P1410,K178
P1410,K168
P1410,K146
P1410,K189
P1410,K27
P1411,K300
P1411,K64
P1411,K225
P1411,K250
P1411,K222
P1411,K264
P1412,K281
P1412,K290
P1413,K35
P1413,K79
P1413,K194
P1413,K170
P1413,K226
P1413,K137
P1414,K73
P1414,K101
P1414,K48
P1415,K197
P1415,K142
P1415,K202
P1415,K113
P1415,K22
P1415,K23
P1416,K7
P1416,K69
P1416,K100
P1416,K215
P1417,K100
P1417,K214
P1417,K78
P1417,K219
P1417,K281
P1417,K291
P1418,K108
P1418,K1
P1418,K34
P1418,K84
P1419,K136
P1419,K248
P1420,K113
P1420,K240
P1421,K253
P1421,K59
P1421,K41
P1422,K176
P1422,K191
P1422,K241
P1422,K133
P1422,K296
P1423,K281
P1423,K170
P1423,K168
P1423,K270
P1423,K80
P1423,K267
P1424,K126
P1424,K116
P1424,K12
P1424,K223
P1425,K140
P1425,K169
P1425,K261
P1425,K154
P1425,K256
P1426,K27
P1426,K154
P1426,K132
P1426,K55
P1426,K76
P1427,K115
P1427,K113
P1427,K128
P1427,K238
P1427,K79
P1427,K51
P1428,K259
P1428,K186
P1428,K212
P1428,K205
P1428,K215
P1428,K291
P1429,K154
P1429,K42
P1429,K125
P1429,K84
P1430,K247
P1430,K34
P1430,K161
P1430,K30
P1430,K224
P1430,K208
P1431,K79
P1431,K213
P1431,K243
P1431,K16
P1431,K171
P1432,K61
P1432,K158
P1432,K121
P1432,K250
P1433,K203
P1433,K110
P1433,K208
P1433,K221
P1433,K121
P1434,K125
P1434,K85
P1434,K173
P1434,K82
P1435,K168
P1435,K193
P1435,K43
P1435,K52
P1435,K5
P1435,K77
P1436,K220
P1436,K253
P1436,K48
P1436,K78
P1436,K27
P1436,K2
P1437,K91
P1437,K17
P1437,K69
P1437,K150
P1437,K188
P1438,K293
P1438,K45
P1438,K21
P1438,K85
P1439,K170
P1439,K52
P1439,K20
P1439,K299
P1440,K21
P1440,K1
P1441,K88
P1441,K201
P1441,K252
P1442,K137
P1442,K150
P1443,K270
P1443,K37
P1443,K146
P1443,K71
P1443,K34
P1443,K237
P1444,K134
P1444,K81
P1444,K264
P1444,K50
P1444,K255
P1444,K115
P1445,K17
P1445,K202
P1445,K174
P1445,K84
P1446,K232
P1446,K184
P1446,K261
P1446,K157
P1446,K151
P1447,K215
P1447,K121
P1447,K159
P1447,K168
P1447,K108
P1448,K237
P1448,K77
P1448,K80
P1449,K41
P1449,K31
P1450,K61
P1450,K76
P1450,K56
P1450,K230
P1450,K65
P1450,K77
P1451,K145
P1451,K171
P1452,K297
P1452,K123
P1452,K247
P1452,K223
P1453,K63
P1453,K283
P1453,K155
P1453,K108
P1453,K243
P1454,K187
P1454,K81
P1455,K99
P1455,K177
P1455,K34
P1455,K26
P1455,K17
P1456,K200
P1456,K96
P1456,K255
P1456,K238
P1457,K166
P1457,K231
P1457,K69
P1457,K168
P1457,K217
P1458,K291
P1458,K95
P1458,K4
P1458,K85
P1459,K213
P1459,K48
P1459,K250
P1459,K172
P1460,K22
P1460,K72
P1460,K123
P1461,K254
P1461,K143
P1461,K104
P1461,K93
P1461,K214
P1461,K20
P1462,K185
P1462,K176
P1463,K191
P1463,K173
P1463,K2
P1463,K54
P1463,K248
P1463,K257
P1464,K109
P1464,K76
P1464,K171
P1465,K141
P1465,K272
P1465,K201
P1465,K271
P1465,K101
P1465,K223
P1466,K233
P1466,K281
P1467,K276
P1467,K234
P1467,K23
P1467,K146
P1468,K10
P1468,K209
P1468,K33
P1468,K243
P1469,K238
P1469,K293
P1469,K119
P1469,K162
P1469,K115
P1470,K136
P1470,K154
P1470,K20
P1470,K118
P1470,K297
P1471,K203
P1471,K136
P1471,K3
P1471,K272
P1472,K21
P1472,K114
P1472,K231
P1473,K204
P1473,K2
P1473,K221
P1474,K39
P1474,K141
P1475,K280
P1475,K214
P1475,K9
P1475,K257
P1475,K157
P1475,K27
P1476,K298
P1476,K110
P1476,K274
P1476,K283
P1476,K148
P1477,K121
P1477,K200
P1478,K169
P1478,K91
P1478,K280
P1478,K103
P1478,K8
P1478,K220
P1479,K169
P1479,K126
P1480,K11
P1480,K51
P1480,K67
P1480,K133
P1480,K87
P1481,K132
P1481,K213
P1481,K83
P1481,K219
P1482,K84
P1482,K186
P1482,K50
P1483,K159
P1483,K278
P1483,K281
P1483,K36
P1484,K80
P1484,K63
P1485,K123
P1485,K34
P1486,K92
P1486,K59
P1486,K232
P1486,K173
P1487,K257
P1487,K274
P1488,K262
P1488,K63
P1488,K247
P1488,K143
P1488,K43
P1489,K48
P1489,K181
P1489,K91
P1489,K199
P1490,K280
P1490,K129
P1490,K10
P1491,K45
P1491,K33
P1491,K84
P1491,K75
P1491,K176
P1491,K83
P1492,K274
P1492,K100
P1492,K246
P1492,K180
P1492,K16
P1492,K175
P1493,K222
P1493,K54
P1493,K263
P1493,K207
P1493,K109
P1494,K98
P1494,K248
P1494,K35
P1495,K254
P1495,K286
P1495,K235
P1496,K165
P1496,K189
P1496,K102
P1496,K22
P1496,K19
P1497,K97
P1497,K2
P1497,K293
P1497,K182
P1497,K9
P1498,K174
P1498,K213
P1498,K4
P1498,K162
P1499,K44
P1499,K69
P1499,K50
P1499,K267
P1499,K288
P1500,K70
P1500,K243
